Exchange,Ticker,Company Name,Industry Sector,Industry Group
NasdaqGS,AAPL,Apple Inc.,Information Technology,Technology Hardware and Equipment
NasdaqGS,AMZN,"Amazon.com, Inc.",Consumer Discretionary,Retailing
NasdaqGS,GOOG,Alphabet Inc.,Information Technology,Software and Services
NasdaqGS,MSFT,Microsoft Corporation,Information Technology,Software and Services
NasdaqGS,FB,"Facebook, Inc.",Information Technology,Software and Services
NYSE,JPM,JPMorgan Chase & Co.,Financials,Banks
NYSE,JNJ,Johnson & Johnson,Healthcare,"Pharmaceuticals, Biotechnology and Life Sciences"
NYSE,V,Visa Inc.,Information Technology,Software and Services
NYSE,BAC,Bank of America Corporation,Financials,Banks
NYSE,WFC,Wells Fargo & Company,Financials,Banks
NYSE,UNH,UnitedHealth Group Incorporated,Healthcare,Healthcare Equipment and Services
NasdaqGS,INTC,Intel Corporation,Information Technology,Semiconductors and Semiconductor Equipment
NYSE,HD,"The Home Depot, Inc.",Consumer Discretionary,Retailing
NYSE,PFE,Pfizer Inc.,Healthcare,"Pharmaceuticals, Biotechnology and Life Sciences"
NYSE,MA,Mastercard Incorporated,Information Technology,Software and Services
NasdaqGS,CSCO,"Cisco Systems, Inc.",Information Technology,Technology Hardware and Equipment
NYSE,ORCL,Oracle Corporation,Information Technology,Software and Services
NYSE,C,Citigroup Inc.,Financials,Banks√•
NasdaqGS,NFLX,"Netflix, Inc.",Consumer Discretionary,Retailing
NYSE,MRK,"Merck & Co., Inc.",Healthcare,"Pharmaceuticals, Biotechnology and Life Sciences"
NYSE,DIS,The Walt Disney Company,Consumer Discretionary,Media
NasdaqGS,CMCSA,Comcast Corporation,Consumer Discretionary,Media
NasdaqGS,NVDA,NVIDIA Corporation,Information Technology,Semiconductors and Semiconductor Equipment
NYSE,RY,Royal Bank of Canada,Financials,Banks
NYSE,ABBV,AbbVie Inc.,Healthcare,"Pharmaceuticals, Biotechnology and Life Sciences"
NYSE,TD,The Toronto-Dominion Bank,Financials,Banks
NYSE,IBM,International Business Machines Corporation,Information Technology,Software and Services
NasdaqGS,AMGN,Amgen Inc.,Healthcare,"Pharmaceuticals, Biotechnology and Life Sciences"
NYSE,NKE,"NIKE, Inc.",Consumer Discretionary,Consumer Durables and Apparel
NasdaqGS,ADBE,Adobe Systems Incorporated,Information Technology,Software and Services
NYSE,MCD,McDonald's Corporation,Consumer Discretionary,Consumer Services
NYSE,MDT,Medtronic plc,Healthcare,Healthcare Equipment and Services
NasdaqGS,TXN,Texas Instruments Incorporated,Information Technology,Semiconductors and Semiconductor Equipment
NYSE,CRM,"salesforce.com, inc.",Information Technology,Software and Services
NYSE,ABT,Abbott Laboratories,Healthcare,Healthcare Equipment and Services
NYSE,ACN,Accenture plc,Information Technology,Software and Services
NasdaqGS,PYPL,"PayPal Holdings, Inc.",Information Technology,Software and Services
NasdaqGS,GILD,"Gilead Sciences, Inc.",Healthcare,"Pharmaceuticals, Biotechnology and Life Sciences"
NasdaqGS,BKNG,Booking Holdings Inc.,Consumer Discretionary,Retailing
NYSE,BNS,The Bank of Nova Scotia,Financials,Banks
NYSE,BMY,Bristol-Myers Squibb Company,Healthcare,"Pharmaceuticals, Biotechnology and Life Sciences"
NYSE,LLY,Eli Lilly and Company,Healthcare,"Pharmaceuticals, Biotechnology and Life Sciences"
NYSE,GS,"The Goldman Sachs Group, Inc.",Financials,Diversified Financials
NYSE,AXP,American Express Company,Financials,Diversified Financials
NYSE,MS,Morgan Stanley,Financials,Diversified Financials
NasdaqGS,QCOM,QUALCOMM Incorporated,Information Technology,Semiconductors and Semiconductor Equipment
NasdaqGS,FOX,"Twenty-First Century Fox, Inc.",Consumer Discretionary,Media
NasdaqGS,FOXA,"Twenty-First Century Fox, Inc.",Consumer Discretionary,Media
NasdaqGS,AVGO,Broadcom Inc.,Information Technology,Semiconductors and Semiconductor Equipment
NYSE,USB,U.S. Bancorp,Financials,Banks
NYSE,TMO,Thermo Fisher Scientific Inc.,Healthcare,"Pharmaceuticals, Biotechnology and Life Sciences"
NYSE,LOW,"Lowe's Companies, Inc.",Consumer Discretionary,Retailing
NYSE,BLK,"BlackRock, Inc.",Financials,Diversified Financials
NasdaqGS,BIIB,Biogen Inc.,Healthcare,"Pharmaceuticals, Biotechnology and Life Sciences"
NasdaqGS,CHTR,"Charter Communications, Inc.",Consumer Discretionary,Media
NasdaqGS,SBUX,Starbucks Corporation,Consumer Discretionary,Consumer Services
NYSE,CVS,CVS Health Corporation,Healthcare,Healthcare Equipment and Services
NYSE,SCHW,The Charles Schwab Corporation,Financials,Diversified Financials
NYSE,DHR,Danaher Corporation,Healthcare,Healthcare Equipment and Services
NYSE,BMO,Bank of Montreal,Financials,Banks
NYSE,PNC,"The PNC Financial Services Group, Inc.",Financials,Banks
NYSE,BDX,"Becton, Dickinson and Company",Healthcare,Healthcare Equipment and Services
NasdaqGS,MU,"Micron Technology, Inc.",Information Technology,Semiconductors and Semiconductor Equipment
NYSE,SYK,Stryker Corporation,Healthcare,Healthcare Equipment and Services
NYSE,ANTM,"Anthem, Inc.",Healthcare,Healthcare Equipment and Services
NYSE,VMW,"VMware, Inc.",Information Technology,Software and Services
NYSE,CB,Chubb Limited,Financials,Insurance
NasdaqGS,ATVI,"Activision Blizzard, Inc.",Information Technology,Software and Services
NasdaqGS,ADP,"Automatic Data Processing, Inc.",Information Technology,Software and Services
NYSE,TJX,"The TJX Companies, Inc.",Consumer Discretionary,Retailing
NasdaqGS,ISRG,"Intuitive Surgical, Inc.",Healthcare,Healthcare Equipment and Services
NYSE,LVS,Las Vegas Sands Corp.,Consumer Discretionary,Consumer Services
NasdaqGS,CME,CME Group Inc.,Financials,Diversified Financials
NYSE,UBS,UBS Group AG,Financials,Diversified Financials
NYSE,GM,General Motors Company,Consumer Discretionary,Automobiles and Components
NasdaqGS,INTU,Intuit Inc.,Information Technology,Software and Services
NYSE,BK,The Bank of New York Mellon Corporation,Financials,Diversified Financials
NYSE,SPGI,S&P Global Inc.,Financials,Diversified Financials
NasdaqGS,TSLA,"Tesla, Inc.",Consumer Discretionary,Automobiles and Components
NYSE,BAM,Brookfield Asset Management Inc.,Financials,Diversified Financials
NYSE,CM,Canadian Imperial Bank of Commerce,Financials,Banks
NYSE,AIG,"American International Group, Inc.",Financials,Insurance
NasdaqGS,CTSH,Cognizant Technology Solutions Corporation,Information Technology,Software and Services
NYSE,MFC,Manulife Financial Corporation,Financials,Insurance
NasdaqGS,AMAT,"Applied Materials, Inc.",Information Technology,Semiconductors and Semiconductor Equipment
NYSE,COF,Capital One Financial Corporation,Financials,Diversified Financials
NasdaqGS,MAR,"Marriott International, Inc.",Consumer Discretionary,Consumer Services
NasdaqGS,VRTX,Vertex Pharmaceuticals Incorporated,Healthcare,"Pharmaceuticals, Biotechnology and Life Sciences"
NYSE,BSX,Boston Scientific Corporation,Healthcare,Healthcare Equipment and Services
NYSE,MET,"MetLife, Inc.",Financials,Insurance
NasdaqGS,EA,Electronic Arts Inc.,Information Technology,Software and Services
NasdaqGS,ILMN,"Illumina, Inc.",Healthcare,"Pharmaceuticals, Biotechnology and Life Sciences"
NYSE,MMC,"Marsh & McLennan Companies, Inc.",Financials,Insurance
NYSE,ICE,"Intercontinental Exchange, Inc.",Financials,Diversified Financials
NYSE,HUM,Humana Inc.,Healthcare,Healthcare Equipment and Services
NYSE,F,Ford Motor Company,Consumer Discretionary,Automobiles and Components
NYSE,CI,Cigna Corporation,Healthcare,Healthcare Equipment and Services
NYSE,CCL,Carnival Corporation,Consumer Discretionary,Consumer Services
NYSE,TGT,Target Corporation,Consumer Discretionary,Retailing
NYSE,ZTS,Zoetis Inc.,Healthcare,"Pharmaceuticals, Biotechnology and Life Sciences"
NYSE,PRU,"Prudential Financial, Inc.",Financials,Insurance
NYSE,BAX,Baxter International Inc.,Healthcare,Healthcare Equipment and Services
NYSE,TRI,Thomson Reuters Corporation,Financials,Diversified Financials
NasdaqGS,REGN,"Regeneron Pharmaceuticals, Inc.",Healthcare,"Pharmaceuticals, Biotechnology and Life Sciences"
NYSE,HPQ,HP Inc.,Information Technology,Technology Hardware and Equipment
NasdaqGS,EBAY,eBay Inc.,Information Technology,Software and Services
NYSE,HCA,"HCA Healthcare, Inc.",Healthcare,Healthcare Equipment and Services
NasdaqGS,ADI,"Analog Devices, Inc.",Information Technology,Semiconductors and Semiconductor Equipment
NasdaqGS,NXPI,NXP Semiconductors N.V.,Information Technology,Semiconductors and Semiconductor Equipment
NYSE,FIS,"Fidelity National Information Services, Inc.",Information Technology,Software and Services
NYSE,AON,Aon plc,Financials,Insurance
NYSE,VFC,V.F. Corporation,Consumer Discretionary,Consumer Durables and Apparel
NYSE,MCO,Moody's Corporation,Financials,Diversified Financials
NYSE,TRV,"The Travelers Companies, Inc.",Financials,Insurance
NYSE,STT,State Street Corporation,Financials,Diversified Financials
NYSE,PGR,The Progressive Corporation,Financials,Insurance
NYSE,NOW,"ServiceNow, Inc.",Information Technology,Software and Services
NYSE,TWTR,"Twitter, Inc.",Information Technology,Software and Services
NYSE,AFL,Aflac Incorporated,Financials,Insurance
NYSE,ALL,The Allstate Corporation,Financials,Insurance
NYSE,SPOT,Spotify Technology S.A.,Information Technology,Software and Services
NYSE,SLF,Sun Life Financial Inc.,Financials,Insurance
NasdaqGS,ROST,"Ross Stores, Inc.",Consumer Discretionary,Retailing
NYSE,TEL,TE Connectivity Ltd.,Information Technology,Technology Hardware and Equipment
NasdaqGS,SIRI,Sirius XM Holdings Inc.,Consumer Discretionary,Media
NasdaqGS,FISV,"Fiserv, Inc.",Information Technology,Software and Services
NYSE,EW,Edwards Lifesciences Corporation,Healthcare,Healthcare Equipment and Services
NasdaqGS,ALXN,"Alexion Pharmaceuticals, Inc.",Healthcare,"Pharmaceuticals, Biotechnology and Life Sciences"
NasdaqGS,ADSK,"Autodesk, Inc.",Information Technology,Software and Services
NasdaqGS,TROW,"T. Rowe Price Group, Inc.",Financials,Diversified Financials
NasdaqGS,ALGN,"Align Technology, Inc.",Healthcare,Healthcare Equipment and Services
NasdaqGS,WDAY,"Workday, Inc.",Information Technology,Software and Services
NasdaqGS,LRCX,Lam Research Corporation,Information Technology,Semiconductors and Semiconductor Equipment
NYSE,MGA,Magna International Inc.,Consumer Discretionary,Automobiles and Components
NYSE,MCK,McKesson Corporation,Healthcare,Healthcare Equipment and Services
NYSE,CNC,Centene Corporation,Healthcare,Healthcare Equipment and Services
NYSE,SQ,"Square, Inc.",Information Technology,Software and Services
NYSE,RACE,Ferrari N.V.,Consumer Discretionary,Automobiles and Components
NYSE,APH,Amphenol Corporation,Information Technology,Technology Hardware and Equipment
NYSE,DG,Dollar General Corporation,Consumer Discretionary,Retailing
NYSE,YUM,"YUM! Brands, Inc.",Consumer Discretionary,Consumer Services
NasdaqGS,PAYX,"Paychex, Inc.",Information Technology,Software and Services
NYSE,APTV,Aptiv PLC,Consumer Discretionary,Automobiles and Components
NYSE,DFS,Discover Financial Services,Financials,Diversified Financials
NYSE,SYF,Synchrony Financial,Financials,Diversified Financials
NYSE,MTB,M&T Bank Corporation,Financials,Banks
NYSE,DXC,DXC Technology Company,Information Technology,Software and Services
NYSE,GIB,CGI Group Inc.,Information Technology,Software and Services
NYSE,HLT,Hilton Worldwide Holdings Inc.,Consumer Discretionary,Consumer Services
NYSE,GLW,Corning Incorporated,Information Technology,Technology Hardware and Equipment
NasdaqGS,NTRS,Northern Trust Corporation,Financials,Diversified Financials
NYSE,HPE,Hewlett Packard Enterprise Company,Information Technology,Technology Hardware and Equipment
NasdaqGS,WDC,Western Digital Corporation,Information Technology,Technology Hardware and Equipment
NasdaqGS,ORLY,"O'Reilly Automotive, Inc.",Consumer Discretionary,Retailing
NYSE,RCL,Royal Caribbean Cruises Ltd.,Consumer Discretionary,Consumer Services
NYSE,ZBH,"Zimmer Biomet Holdings, Inc.",Healthcare,Healthcare Equipment and Services
NasdaqGS,LBTYA,Liberty Global plc,Consumer Discretionary,Media
NasdaqGS,LBTYB,Liberty Global plc,Consumer Discretionary,Media
NasdaqGS,LBTYK,Liberty Global plc,Consumer Discretionary,Media
NasdaqGS,MCHP,Microchip Technology Incorporated,Information Technology,Semiconductors and Semiconductor Equipment
NYSE,IQV,IQVIA Holdings Inc.,Healthcare,"Pharmaceuticals, Biotechnology and Life Sciences"
NasdaqGS,NTAP,"NetApp, Inc.",Information Technology,Technology Hardware and Equipment
NYSE,DB,Deutsche Bank Aktiengesellschaft,Financials,Diversified Financials
NYSE,KEY,KeyCorp,Financials,Banks
NYSE,BBY,"Best Buy Co., Inc.",Consumer Discretionary,Retailing
NasdaqGS,WLTW,Willis Towers Watson Public Limited Company,Financials,Insurance
NasdaqGS,IDXX,"IDEXX Laboratories, Inc.",Healthcare,Healthcare Equipment and Services
NYSE,AMP,"Ameriprise Financial, Inc.",Financials,Diversified Financials
NasdaqGS,DLTR,"Dollar Tree, Inc.",Consumer Discretionary,Retailing
NasdaqGS,CERN,Cerner Corporation,Healthcare,Healthcare Equipment and Services
NYSE,ANET,"Arista Networks, Inc.",Information Technology,Technology Hardware and Equipment
NYSE,A,"Agilent Technologies, Inc.",Healthcare,"Pharmaceuticals, Biotechnology and Life Sciences"
NasdaqGS,FITB,Fifth Third Bancorp,Financials,Banks
NYSE,PANW,"Palo Alto Networks, Inc.",Information Technology,Technology Hardware and Equipment
NYSE,MSI,"Motorola Solutions, Inc.",Information Technology,Technology Hardware and Equipment
NYSE,RF,Regions Financial Corporation,Financials,Banks
NYSE,CFG,"Citizens Financial Group, Inc.",Financials,Banks
NYSE,FLT,"FleetCor Technologies, Inc.",Information Technology,Software and Services
NYSE,ABC,AmerisourceBergen Corporation,Healthcare,Healthcare Equipment and Services
NYSE,LH,Laboratory Corporation of America Holdings,Healthcare,Healthcare Equipment and Services
NasdaqGS,EXPE,"Expedia Group, Inc.",Consumer Discretionary,Retailing
NYSE,HIG,"The Hartford Financial Services Group, Inc.",Financials,Insurance
NasdaqGS,ABMD,"ABIOMED, Inc.",Healthcare,Healthcare Equipment and Services
NasdaqGS,DISCA,"Discovery, Inc.",Consumer Discretionary,Media
NasdaqGS,DISCB,"Discovery, Inc.",Consumer Discretionary,Media
NasdaqGS,DISCK,"Discovery, Inc.",Consumer Discretionary,Media
NYSE,GPN,Global Payments Inc.,Information Technology,Software and Services
NYSE,AZO,"AutoZone, Inc.",Consumer Discretionary,Retailing
NYSE,BAP,Credicorp Ltd.,Financials,Banks
NasdaqGS,VRSN,"VeriSign, Inc.",Information Technology,Software and Services
NasdaqGS,SWKS,"Skyworks Solutions, Inc.",Information Technology,Semiconductors and Semiconductor Equipment
NasdaqGS,BMRN,BioMarin Pharmaceutical Inc.,Healthcare,"Pharmaceuticals, Biotechnology and Life Sciences"
NasdaqGS,WYNN,"Wynn Resorts, Limited",Consumer Discretionary,Consumer Services
NYSE,OMC,Omnicom Group Inc.,Consumer Discretionary,Media
NYSE,SHOP,Shopify Inc.,Information Technology,Software and Services
NYSE,LEN,Lennar Corporation,Consumer Discretionary,Consumer Durables and Apparel
NYSE,BEN,"Franklin Resources, Inc.",Financials,Diversified Financials
NasdaqGS,CHKP,Check Point Software Technologies Ltd.,Information Technology,Software and Services
NYSE,MGM,MGM Resorts International,Consumer Discretionary,Consumer Services
NasdaqGS,XLNX,"Xilinx, Inc.",Information Technology,Semiconductors and Semiconductor Equipment
NasdaqGS,MXIM,"Maxim Integrated Products, Inc.",Information Technology,Semiconductors and Semiconductor Equipment
NasdaqGS,LULU,Lululemon Athletica Inc.,Consumer Discretionary,Consumer Durables and Apparel
NasdaqGS,STX,Seagate Technology plc,Information Technology,Technology Hardware and Equipment
NYSE,SNAP,Snap Inc.,Information Technology,Software and Services
NYSE,MHK,"Mohawk Industries, Inc.",Consumer Discretionary,Consumer Durables and Apparel
NYSE,TIF,Tiffany & Co.,Consumer Discretionary,Retailing
NasdaqGS,HBAN,Huntington Bancshares Incorporated,Financials,Banks
NasdaqGS,KLAC,KLA-Tencor Corporation,Information Technology,Semiconductors and Semiconductor Equipment
NasdaqGS,SIVB,SVB Financial Group,Financials,Banks
NYSE,L,Loews Corporation,Financials,Insurance
NasdaqGS,LSXMA,The Liberty SiriusXM Group,Consumer Discretionary,Media
NasdaqGS,LSXMB,The Liberty SiriusXM Group,Consumer Discretionary,Media
NasdaqGS,LSXMK,The Liberty SiriusXM Group,Consumer Discretionary,Media
NYSE,MKL,Markel Corporation,Financials,Insurance
NYSE,DHI,"D.R. Horton, Inc.",Consumer Discretionary,Consumer Durables and Apparel
NasdaqGS,ETFC,E*TRADE Financial Corporation,Financials,Diversified Financials
NYSE,FRC,First Republic Bank,Financials,Banks
NYSE,CAH,"Cardinal Health, Inc.",Healthcare,Healthcare Equipment and Services
NYSE,QSR,Restaurant Brands International Inc.,Consumer Discretionary,Consumer Services
NasdaqGS,NDAQ,"Nasdaq, Inc.",Financials,Diversified Financials
NasdaqGS,TEAM,Atlassian Corporation Plc,Information Technology,Software and Services
NYSE,CMA,Comerica Incorporated,Financials,Banks
NYSE,RMD,ResMed Inc.,Healthcare,Healthcare Equipment and Services
NYSE,DGX,Quest Diagnostics Incorporated,Healthcare,Healthcare Equipment and Services
NasdaqGS,PFG,"Principal Financial Group, Inc.",Financials,Insurance
NasdaqGS,SPLK,Splunk Inc.,Information Technology,Software and Services
NasdaqGS,ULTA,"Ulta Beauty, Inc.",Consumer Discretionary,Retailing
NasdaqGS,DISH,DISH Network Corporation,Consumer Discretionary,Media
NYSE,MSCI,MSCI Inc.,Financials,Diversified Financials
NYSE,WAT,Waters Corporation,Healthcare,"Pharmaceuticals, Biotechnology and Life Sciences"
NasdaqGS,MELI,"MercadoLibre, Inc.",Information Technology,Software and Services
NasdaqGS,ANSS,"ANSYS, Inc.",Information Technology,Software and Services
NasdaqGS,CTXS,"Citrix Systems, Inc.",Information Technology,Software and Services
NasdaqGS,INCY,Incyte Corporation,Healthcare,"Pharmaceuticals, Biotechnology and Life Sciences"
NYSE,MTD,Mettler-Toledo International Inc.,Healthcare,"Pharmaceuticals, Biotechnology and Life Sciences"
NasdaqGS,TTWO,"Take-Two Interactive Software, Inc.",Information Technology,Software and Services
NasdaqGS,LBRDA,Liberty Broadband Corporation,Consumer Discretionary,Media
NasdaqGS,LBRDK,Liberty Broadband Corporation,Consumer Discretionary,Media
NYSE,YUMC,"Yum China Holdings, Inc.",Consumer Discretionary,Consumer Services
NYSE,LNC,Lincoln National Corporation,Financials,Insurance
NYSE,SJR,Shaw Communications Inc.,Consumer Discretionary,Media
NYSE,BR,"Broadridge Financial Solutions, Inc.",Information Technology,Software and Services
NasdaqGS,MRVL,Marvell Technology Group Ltd.,Information Technology,Semiconductors and Semiconductor Equipment
NYSE,DRI,"Darden Restaurants, Inc.",Consumer Discretionary,Consumer Services
NYSE,GPC,Genuine Parts Company,Consumer Discretionary,Retailing
NYSE,KMX,"CarMax, Inc.",Consumer Discretionary,Retailing
NasdaqGS,SNPS,"Synopsys, Inc.",Information Technology,Software and Services
NYSE,TPR,"Tapestry, Inc.",Consumer Discretionary,Consumer Durables and Apparel
NYSE,ATUS,"Altice USA, Inc.",Consumer Discretionary,Media
NYSE,RJF,"Raymond James Financial, Inc.",Financials,Diversified Financials
NasdaqGS,AKAM,"Akamai Technologies, Inc.",Information Technology,Software and Services
NYSE,CNA,CNA Financial Corporation,Financials,Insurance
NasdaqGS,DBX,"Dropbox, Inc.",Information Technology,Software and Services
NasdaqGS,IAC,IAC/InterActiveCorp,Information Technology,Software and Services
NasdaqGS,CDW,CDW Corporation,Information Technology,Technology Hardware and Equipment
NasdaqGS,SSNC,"SS&C Technologies Holdings, Inc.",Information Technology,Software and Services
NYSE,IT,"Gartner, Inc.",Information Technology,Software and Services
NasdaqGS,CDNS,"Cadence Design Systems, Inc.",Information Technology,Software and Services
NYSE,AJG,Arthur J. Gallagher & Co.,Financials,Insurance
NasdaqGS,Z,"Zillow Group, Inc.",Information Technology,Software and Services
NasdaqGS,ZG,"Zillow Group, Inc.",Information Technology,Software and Services
NasdaqGS,IPGP,IPG Photonics Corporation,Information Technology,Technology Hardware and Equipment
NYSE,CMG,"Chipotle Mexican Grill, Inc.",Consumer Discretionary,Consumer Services
NYSE,DVA,DaVita Inc.,Healthcare,Healthcare Equipment and Services
NYSE,TFX,Teleflex Incorporated,Healthcare,Healthcare Equipment and Services
NYSE,LEA,Lear Corporation,Consumer Discretionary,Automobiles and Components
NasdaqGS,YNDX,Yandex N.V.,Information Technology,Software and Services
NYSE,ADS,Alliance Data Systems Corporation,Information Technology,Software and Services
NYSE,GDDY,GoDaddy Inc.,Information Technology,Software and Services
NasdaqGS,HAS,"Hasbro, Inc.",Consumer Discretionary,Consumer Durables and Apparel
NYSE,NLY,"Annaly Capital Management, Inc.",Financials,Diversified Financials
NasdaqGS,GRMN,Garmin Ltd.,Consumer Discretionary,Consumer Durables and Apparel
NYSE,COO,"The Cooper Companies, Inc.",Healthcare,Healthcare Equipment and Services
NYSE,EQH,"AXA Equitable Holdings, Inc.",Financials,Diversified Financials
NYSE,KSS,Kohl's Corporation,Consumer Discretionary,Retailing
NYSE,DPZ,"Domino's Pizza, Inc.",Consumer Discretionary,Consumer Services
NYSE,VEEV,Veeva Systems Inc.,Healthcare,Healthcare Equipment and Services
NYSE,ALLY,Ally Financial Inc.,Financials,Diversified Financials
NYSE,MTN,"Vail Resorts, Inc.",Consumer Discretionary,Consumer Services
NasdaqGS,ACGL,Arch Capital Group Ltd.,Financials,Insurance
NasdaqGS,CINF,Cincinnati Financial Corporation,Financials,Insurance
NYSE,GPS,"The Gap, Inc.",Consumer Discretionary,Retailing
NasdaqGS,HSIC,"Henry Schein, Inc.",Healthcare,Healthcare Equipment and Services
NYSE,PVH,PVH Corp.,Consumer Discretionary,Consumer Durables and Apparel
NasdaqGS,PTC,PTC Inc.,Information Technology,Software and Services
NYSE,M,"Macy's, Inc.",Consumer Discretionary,Retailing
NasdaqGS,HOLX,"Hologic, Inc.",Healthcare,Healthcare Equipment and Services
NYSE,KEYS,"Keysight Technologies, Inc.",Information Technology,Technology Hardware and Equipment
NasdaqGS,FTNT,"Fortinet, Inc.",Information Technology,Software and Services
NYSE,NVR,"NVR, Inc.",Consumer Discretionary,Consumer Durables and Apparel
NasdaqGS,MTCH,"Match Group, Inc.",Information Technology,Software and Services
NasdaqGS,SGEN,"Seattle Genetics, Inc.",Healthcare,"Pharmaceuticals, Biotechnology and Life Sciences"
NYSE,UHS,"Universal Health Services, Inc.",Healthcare,Healthcare Equipment and Services
NYSE,W,Wayfair Inc.,Consumer Discretionary,Retailing
NasdaqGS,FFIV,"F5 Networks, Inc.",Information Technology,Technology Hardware and Equipment
NYSE,LYV,"Live Nation Entertainment, Inc.",Consumer Discretionary,Media
NYSE,RL,Ralph Lauren Corporation,Consumer Discretionary,Consumer Durables and Apparel
NYSE,NCLH,Norwegian Cruise Line Holdings Ltd.,Consumer Discretionary,Consumer Services
NasdaqGS,JAZZ,Jazz Pharmaceuticals plc,Healthcare,"Pharmaceuticals, Biotechnology and Life Sciences"
NasdaqGS,QRTEA,"Qurate Retail Group, Inc.",Consumer Discretionary,Retailing
NasdaqGS,QRTEB,"Qurate Retail Group, Inc.",Consumer Discretionary,Retailing
NYSE,VAR,"Varian Medical Systems, Inc.",Healthcare,Healthcare Equipment and Services
NYSE,IVZ,Invesco Ltd.,Financials,Diversified Financials
NasdaqGS,JKHY,"Jack Henry & Associates, Inc.",Information Technology,Software and Services
NYSE,PRGO,Perrigo Company plc,Healthcare,"Pharmaceuticals, Biotechnology and Life Sciences"
NYSE,AAP,"Advance Auto Parts, Inc.",Consumer Discretionary,Retailing
NasdaqGS,ALNY,"Alnylam Pharmaceuticals, Inc.",Healthcare,"Pharmaceuticals, Biotechnology and Life Sciences"
NasdaqGS,ZION,Zions Bancorporation,Financials,Banks
NasdaqGS,LKQ,LKQ Corporation,Consumer Discretionary,Retailing
NYSE,FNF,"Fidelity National Financial, Inc.",Financials,Insurance
NasdaqGS,QRVO,"Qorvo, Inc.",Information Technology,Semiconductors and Semiconductor Equipment
NasdaqGS,OTEX,Open Text Corporation,Information Technology,Software and Services
NasdaqGS,XRAY,DENTSPLY SIRONA Inc.,Healthcare,Healthcare Equipment and Services
NasdaqGS,SEIC,SEI Investments Co.,Financials,Diversified Financials
NYSE,BURL,"Burlington Stores, Inc.",Consumer Discretionary,Retailing
NasdaqGS,ON,ON Semiconductor Corporation,Information Technology,Semiconductors and Semiconductor Equipment
NYSE,GRUB,GrubHub Inc.,Information Technology,Software and Services
NYSE,WHR,Whirlpool Corporation,Consumer Discretionary,Consumer Durables and Apparel
NasdaqGS,DOX,Amdocs Limited,Information Technology,Software and Services
NYSE,JNPR,"Juniper Networks, Inc.",Information Technology,Technology Hardware and Equipment
NYSE,AFG,"American Financial Group, Inc.",Financials,Insurance
NasdaqGS,NTNX,"Nutanix, Inc.",Information Technology,Software and Services
NYSE,RE,"Everest Re Group, Ltd.",Financials,Insurance
NasdaqGS,TSCO,Tractor Supply Company,Consumer Discretionary,Retailing
NYSE,ARMK,Aramark,Consumer Discretionary,Consumer Services
NYSE,LDOS,"Leidos Holdings, Inc.",Information Technology,Software and Services
NYSE,BWA,BorgWarner Inc.,Consumer Discretionary,Automobiles and Components
NasdaqGS,EWBC,"East West Bancorp, Inc.",Financials,Banks
NYSE,WU,The Western Union Company,Information Technology,Software and Services
NYSE,STE,STERIS plc,Healthcare,Healthcare Equipment and Services
NYSE,UA,"Under Armour, Inc.",Consumer Discretionary,Consumer Durables and Apparel
NYSE,UAA,"Under Armour, Inc.",Consumer Discretionary,Consumer Durables and Apparel
NYSE,Y,Alleghany Corporation,Financials,Insurance
NYSE,ALV,"Autoliv, Inc.",Consumer Discretionary,Automobiles and Components
NYSE,IPG,"The Interpublic Group of Companies, Inc.",Consumer Discretionary,Media
NasdaqGS,NBIX,"Neurocrine Biosciences, Inc.",Healthcare,"Pharmaceuticals, Biotechnology and Life Sciences"
NYSE,H,Hyatt Hotels Corporation,Consumer Discretionary,Consumer Services
NYSE,WRB,W. R. Berkley Corporation,Financials,Insurance
NYSE,TYL,"Tyler Technologies, Inc.",Information Technology,Software and Services
NasdaqGS,NWS,News Corporation,Consumer Discretionary,Media
NasdaqGS,NWSA,News Corporation,Consumer Discretionary,Media
NasdaqGS,SRPT,"Sarepta Therapeutics, Inc.",Healthcare,"Pharmaceuticals, Biotechnology and Life Sciences"
NYSE,RGA,"Reinsurance Group of America, Incorporated",Financials,Insurance
NasdaqGS,BLUE,"bluebird bio, Inc.",Healthcare,"Pharmaceuticals, Biotechnology and Life Sciences"
NYSE,BIO,"Bio-Rad Laboratories, Inc.",Healthcare,"Pharmaceuticals, Biotechnology and Life Sciences"
NYSE,LB,"L Brands, Inc.",Consumer Discretionary,Retailing
NYSE,ATH,Athene Holding Ltd.,Financials,Insurance
NYSE,PAGS,PagSeguro Digital Ltd.,Information Technology,Software and Services
NYSE,JWN,"Nordstrom, Inc.",Consumer Discretionary,Retailing
NYSE,GOOS,Canada Goose Holdings Inc.,Consumer Discretionary,Consumer Durables and Apparel
NasdaqGS,DXCM,"DexCom, Inc.",Healthcare,Healthcare Equipment and Services
NasdaqGS,CDK,"CDK Global, Inc.",Information Technology,Software and Services
NasdaqGS,FWONA,Formula One Group,Consumer Discretionary,Media
NasdaqGS,FWONK,Formula One Group,Consumer Discretionary,Media
NYSE,ST,Sensata Technologies Holding PLC,Industrials,Capital Goods
NasdaqGS,DOCU,"DocuSign, Inc.",Information Technology,Software and Services
NYSE,PHM,"PulteGroup, Inc.",Consumer Discretionary,Consumer Durables and Apparel
NasdaqGS,TRMB,Trimble Inc.,Information Technology,Technology Hardware and Equipment
NYSE,UNM,Unum Group,Financials,Insurance
NYSE,SERV,"ServiceMaster Global Holdings, Inc.",Consumer Discretionary,Consumer Services
NYSE,WEX,WEX Inc.,Information Technology,Software and Services
NYSE,QGEN,QIAGEN N.V.,Healthcare,"Pharmaceuticals, Biotechnology and Life Sciences"
NYSE,PKI,"PerkinElmer, Inc.",Healthcare,"Pharmaceuticals, Biotechnology and Life Sciences"
NYSE,BKI,"Black Knight, Inc.",Information Technology,Software and Services
NasdaqGS,NKTR,Nektar Therapeutics,Healthcare,"Pharmaceuticals, Biotechnology and Life Sciences"
NasdaqGS,TRIP,"TripAdvisor, Inc.",Consumer Discretionary,Retailing
NasdaqGS,AGNC,AGNC Investment Corp.,Financials,Diversified Financials
NYSE,VOYA,"Voya Financial, Inc.",Financials,Diversified Financials
NYSE,AMG,"Affiliated Managers Group, Inc.",Financials,Diversified Financials
NYSE,BRO,"Brown & Brown, Inc.",Financials,Insurance
NasdaqGS,CZR,Caesars Entertainment Corporation,Consumer Discretionary,Consumer Services
NasdaqCM,EXAS,Exact Sciences Corporation,Healthcare,"Pharmaceuticals, Biotechnology and Life Sciences"
NYSE,GIL,Gildan Activewear Inc.,Consumer Discretionary,Consumer Durables and Apparel
NasdaqGS,ANGI,ANGI Homeservices Inc.,Information Technology,Software and Services
NYSE,HBI,Hanesbrands Inc.,Consumer Discretionary,Consumer Durables and Apparel
NasdaqGS,CGNX,Cognex Corporation,Information Technology,Technology Hardware and Equipment
NasdaqGS,FLEX,Flex Ltd.,Information Technology,Technology Hardware and Equipment
NasdaqGS,ZBRA,Zebra Technologies Corporation,Information Technology,Technology Hardware and Equipment
NasdaqGM,SAGE,"Sage Therapeutics, Inc.",Healthcare,"Pharmaceuticals, Biotechnology and Life Sciences"
NasdaqGS,MKTX,MarketAxess Holdings Inc.,Financials,Diversified Financials
NYSE,FDS,FactSet Research Systems Inc.,Financials,Diversified Financials
NYSE,PII,Polaris Industries Inc.,Consumer Discretionary,Consumer Durables and Apparel
NYSE,GWRE,"Guidewire Software, Inc.",Information Technology,Software and Services
NasdaqGS,LOGI,Logitech International S.A.,Information Technology,Technology Hardware and Equipment
NasdaqGS,ICLR,ICON Public Limited Company,Healthcare,"Pharmaceuticals, Biotechnology and Life Sciences"
NasdaqGS,CBSH,"Commerce Bancshares, Inc.",Financials,Banks
NYSE,WST,"West Pharmaceutical Services, Inc.",Healthcare,Healthcare Equipment and Services
NYSE,APO,"Apollo Global Management, LLC",Financials,Diversified Financials
NasdaqGS,FLIR,"FLIR Systems, Inc.",Information Technology,Technology Hardware and Equipment
NasdaqGS,SABR,Sabre Corporation,Information Technology,Software and Services
NYSE,BB,BlackBerry Limited,Information Technology,Software and Services
NYSE,CFR,"Cullen/Frost Bankers, Inc.",Financials,Banks
NasdaqGS,CACC,Credit Acceptance Corporation,Financials,Diversified Financials
NYSE,HOG,"Harley-Davidson, Inc.",Consumer Discretionary,Automobiles and Components
NYSE,EPAM,"EPAM Systems, Inc.",Information Technology,Software and Services
NasdaqGS,AZPN,"Aspen Technology, Inc.",Information Technology,Software and Services
NYSE,SC,Santander Consumer USA Holdings Inc.,Financials,Diversified Financials
NasdaqGS,ALKS,Alkermes plc,Healthcare,"Pharmaceuticals, Biotechnology and Life Sciences"
NYSE,SCI,Service Corporation International,Consumer Discretionary,Consumer Services
NYSE,EHC,Encompass Health Corporation,Healthcare,Healthcare Equipment and Services
NYSE,AIZ,"Assurant, Inc.",Financials,Insurance
NYSE,ARW,"Arrow Electronics, Inc.",Information Technology,Technology Hardware and Equipment
NasdaqGS,SBNY,Signature Bank,Financials,Banks
NYSE,BAH,Booz Allen Hamilton Holding Corporation,Information Technology,Software and Services
NYSE,MOH,"Molina Healthcare, Inc.",Healthcare,Healthcare Equipment and Services
NYSE,DLB,"Dolby Laboratories, Inc.",Information Technology,Technology Hardware and Equipment
NYSE,PAYC,"Paycom Software, Inc.",Information Technology,Software and Services
NasdaqGS,COLM,Columbia Sportswear Company,Consumer Discretionary,Consumer Durables and Apparel
NasdaqGS,GNTX,Gentex Corporation,Consumer Discretionary,Automobiles and Components
NasdaqGS,POOL,Pool Corporation,Consumer Discretionary,Retailing
NasdaqGS,PRAH,"PRA Health Sciences, Inc.",Healthcare,"Pharmaceuticals, Biotechnology and Life Sciences"
NYSE,XRX,Xerox Corporation,Information Technology,Technology Hardware and Equipment
NasdaqGM,PFPT,"Proofpoint, Inc.",Information Technology,Software and Services
NasdaqGS,BOKF,BOK Financial Corporation,Financials,Banks
NYSE,SNV,Synovus Financial Corp.,Financials,Banks
NYSE,BFAM,Bright Horizons Family Solutions Inc.,Consumer Discretionary,Consumer Services
NasdaqGS,EXEL,"Exelixis, Inc.",Healthcare,"Pharmaceuticals, Biotechnology and Life Sciences"
NasdaqGS,PBCT,"People's United Financial, Inc.",Financials,Banks
NYSE,ZEN,"Zendesk, Inc.",Information Technology,Software and Services
NYSE,RNG,"RingCentral, Inc.",Information Technology,Software and Services
NasdaqGS,ERIE,Erie Indemnity Company,Financials,Insurance
NYSE,FL,"Foot Locker, Inc.",Consumer Discretionary,Retailing
NYSE,TPL,Texas Pacific Land Trust,Financials,Diversified Financials
NYSE,NEWR,"New Relic, Inc.",Information Technology,Software and Services
NYSE,NRZ,New Residential Investment Corp.,Financials,Diversified Financials
NYSE,WWE,"World Wrestling Entertainment, Inc.",Consumer Discretionary,Media
NYSE,EV,Eaton Vance Corp.,Financials,Diversified Financials
NasdaqGS,PACW,PacWest Bancorp,Financials,Banks
NYSE,HRC,"Hill-Rom Holdings, Inc.",Healthcare,Healthcare Equipment and Services
NasdaqGS,ICUI,"ICU Medical, Inc.",Healthcare,Healthcare Equipment and Services
NYSE,FICO,Fair Isaac Corporation,Information Technology,Software and Services
NYSE,ORI,Old Republic International Corporation,Financials,Insurance
NYSE,WAL,Western Alliance Bancorporation,Financials,Banks
NYSE,LAZ,Lazard Ltd,Financials,Diversified Financials
NYSE,CIT,CIT Group Inc.,Financials,Banks
NYSE,JHG,Janus Henderson Group plc,Financials,Diversified Financials
NasdaqGS,SINA,SINA Corporation,Information Technology,Software and Services
NasdaqGS,LPLA,LPL Financial Holdings Inc.,Financials,Diversified Financials
NYSE,WBS,Webster Financial Corporation,Financials,Banks
NasdaqGS,DNKN,"Dunkin' Brands Group, Inc.",Consumer Discretionary,Consumer Services
NYSE,LEG,"Leggett & Platt, Incorporated",Consumer Discretionary,Consumer Durables and Apparel
NYSE,BC,Brunswick Corporation,Consumer Discretionary,Consumer Durables and Apparel
NasdaqGS,MPWR,"Monolithic Power Systems, Inc.",Information Technology,Semiconductors and Semiconductor Equipment
NYSE,TWLO,Twilio Inc.,Information Technology,Software and Services
NYSE,FHN,First Horizon National Corporation,Financials,Banks
NYSE,SIX,Six Flags Entertainment Corporation,Consumer Discretionary,Consumer Services
NYSE,STWD,"Starwood Property Trust, Inc.",Financials,Diversified Financials
NasdaqGS,MORN,"Morningstar, Inc.",Financials,Diversified Financials
NYSE,FAF,First American Financial Corporation,Financials,Insurance
NasdaqGS,OKTA,"Okta, Inc.",Information Technology,Software and Services
NasdaqGS,FIVE,"Five Below, Inc.",Consumer Discretionary,Retailing
NasdaqGS,LOPE,"Grand Canyon Education, Inc.",Consumer Discretionary,Consumer Services
NYSE,CTLT,"Catalent, Inc.",Healthcare,"Pharmaceuticals, Biotechnology and Life Sciences"
NasdaqGS,NATI,National Instruments Corporation,Information Technology,Technology Hardware and Equipment
NasdaqGS,LOGM,"LogMeIn, Inc.",Information Technology,Software and Services
NYSE,G,Genpact Limited,Information Technology,Software and Services
NasdaqGS,TECH,Bio-Techne Corporation,Healthcare,"Pharmaceuticals, Biotechnology and Life Sciences"
NasdaqGS,LFUS,"Littelfuse, Inc.",Information Technology,Technology Hardware and Equipment
NasdaqGS,FSLR,"First Solar, Inc.",Information Technology,Semiconductors and Semiconductor Equipment
NYSE,CRL,"Charles River Laboratories International, Inc.",Healthcare,"Pharmaceuticals, Biotechnology and Life Sciences"
NYSE,NYCB,"New York Community Bancorp, Inc.",Financials,Banks
NasdaqGS,COMM,"CommScope Holding Company, Inc.",Information Technology,Technology Hardware and Equipment
NYSE,TOL,"Toll Brothers, Inc.",Consumer Discretionary,Consumer Durables and Apparel
NasdaqGS,MAT,"Mattel, Inc.",Consumer Discretionary,Consumer Durables and Apparel
NYSE,PSTG,"Pure Storage, Inc.",Information Technology,Technology Hardware and Equipment
NasdaqGS,IONS,"Ionis Pharmaceuticals, Inc.",Healthcare,"Pharmaceuticals, Biotechnology and Life Sciences"
NasdaqGS,BLKB,"Blackbaud, Inc.",Information Technology,Software and Services
NYSE,CRI,"Carter's, Inc.",Consumer Discretionary,Consumer Durables and Apparel
NasdaqGS,GT,The Goodyear Tire & Rubber Company,Consumer Discretionary,Automobiles and Components
NasdaqGS,MKSI,"MKS Instruments, Inc.",Information Technology,Semiconductors and Semiconductor Equipment
NasdaqGS,TWOU,"2U, Inc.",Information Technology,Software and Services
NasdaqGS,UTHR,United Therapeutics Corporation,Healthcare,"Pharmaceuticals, Biotechnology and Life Sciences"
NasdaqGS,IART,Integra LifeSciences Holdings Corporation,Healthcare,Healthcare Equipment and Services
NasdaqGS,FGEN,"FibroGen, Inc.",Healthcare,"Pharmaceuticals, Biotechnology and Life Sciences"
NYSE,THG,"The Hanover Insurance Group, Inc.",Financials,Insurance
NYSE,TDC,Teradata Corporation,Information Technology,Software and Services
NYSE,THO,"Thor Industries, Inc.",Consumer Discretionary,Automobiles and Components
NYSE,STL,Sterling Bancorp,Financials,Banks
NasdaqGS,AGIO,"Agios Pharmaceuticals, Inc.",Healthcare,"Pharmaceuticals, Biotechnology and Life Sciences"
NasdaqGS,AVT,"Avnet, Inc.",Information Technology,Technology Hardware and Equipment
NasdaqGS,GLIBA,"GCI Liberty, Inc.",Consumer Discretionary,Media
NasdaqGS,RP,"RealPage, Inc.",Information Technology,Software and Services
NasdaqGS,MASI,Masimo Corporation,Healthcare,Healthcare Equipment and Services
NYSE,CHE,Chemed Corporation,Healthcare,Healthcare Equipment and Services
NasdaqGS,ETSY,"Etsy, Inc.",Information Technology,Software and Services
NYSE,WSM,"Williams-Sonoma, Inc.",Consumer Discretionary,Retailing
NYSE,GMED,"Globus Medical, Inc.",Healthcare,Healthcare Equipment and Services
NYSE,HUBS,"HubSpot, Inc.",Information Technology,Software and Services
NasdaqGS,UMPQ,Umpqua Holdings Corporation,Financials,Banks
NasdaqGS,WIX,Wix.com Ltd.,Information Technology,Software and Services
NasdaqGS,PODD,Insulet Corporation,Healthcare,Healthcare Equipment and Services
NasdaqGS,SLM,SLM Corporation,Financials,Diversified Financials
NasdaqGS,SYNH,"Syneos Health, Inc.",Healthcare,"Pharmaceuticals, Biotechnology and Life Sciences"
NYSE,HRB,"H&R Block, Inc.",Consumer Discretionary,Consumer Services
NasdaqGS,ENTG,"Entegris, Inc.",Information Technology,Semiconductors and Semiconductor Equipment
NasdaqGS,LIVN,LivaNova PLC,Healthcare,Healthcare Equipment and Services
NYSE,IGT,International Game Technology PLC,Consumer Discretionary,Consumer Services
NasdaqGS,HQY,"HealthEquity, Inc.",Healthcare,Healthcare Equipment and Services
NYSE,SKX,"Skechers U.S.A., Inc.",Consumer Discretionary,Consumer Durables and Apparel
NYSE,RNR,RenaissanceRe Holdings Ltd.,Financials,Insurance
NasdaqGS,WTFC,Wintrust Financial Corporation,Financials,Banks
NYSE,HAE,Haemonetics Corporation,Healthcare,Healthcare Equipment and Services
NasdaqGS,BHF,"Brighthouse Financial, Inc.",Financials,Insurance
NasdaqGS,ZS,"Zscaler, Inc.",Information Technology,Software and Services
NasdaqGS,ROKU,"Roku, Inc.",Consumer Discretionary,Consumer Durables and Apparel
NasdaqGS,URBN,"Urban Outfitters, Inc.",Consumer Discretionary,Retailing
NYSE,JBL,Jabil Inc.,Information Technology,Technology Hardware and Equipment
NasdaqGS,STMP,Stamps.com Inc.,Information Technology,Software and Services
NasdaqGS,FCNCA,"First Citizens BancShares, Inc.",Financials,Banks
NasdaqGS,TXRH,"Texas Roadhouse, Inc.",Consumer Discretionary,Consumer Services
NYSE,ASB,Associated Banc-Corp,Financials,Banks
NYSE,CDAY,Ceridian HCM Holding Inc.,Information Technology,Software and Services
NYSE,AXS,AXIS Capital Holdings Limited,Financials,Insurance
NYSE,PB,"Prosperity Bancshares, Inc.",Financials,Banks
NasdaqGS,BPOP,"Popular, Inc.",Financials,Banks
NasdaqGM,LGND,Ligand Pharmaceuticals Incorporated,Healthcare,"Pharmaceuticals, Biotechnology and Life Sciences"
NasdaqGS,PNFP,"Pinnacle Financial Partners, Inc.",Financials,Banks
NYSE,PEN,"Penumbra, Inc.",Healthcare,Healthcare Equipment and Services
NYSE,FND,"Floor & Decor Holdings, Inc.",Consumer Discretionary,Retailing
NasdaqGS,ESGR,Enstar Group Limited,Financials,Insurance
NasdaqGM,IMMU,"Immunomedics, Inc.",Healthcare,"Pharmaceuticals, Biotechnology and Life Sciences"
NasdaqGS,PEGA,Pegasystems Inc.,Information Technology,Software and Services
NYSE,PRI,"Primerica, Inc.",Financials,Insurance
NYSE,OMF,"OneMain Holdings, Inc.",Financials,Diversified Financials
NasdaqGS,TCBI,"Texas Capital Bancshares, Inc.",Financials,Banks
NasdaqGS,SGMS,Scientific Games Corporation,Consumer Discretionary,Consumer Services
NYSE,ADNT,Adient plc,Consumer Discretionary,Automobiles and Components
NasdaqGM,OLLI,"Ollie's Bargain Outlet Holdings, Inc.",Consumer Discretionary,Retailing
NYSE,TARO,Taro Pharmaceutical Industries Ltd.,Healthcare,"Pharmaceuticals, Biotechnology and Life Sciences"
NasdaqGS,CREE,"Cree, Inc.",Information Technology,Semiconductors and Semiconductor Equipment
NasdaqGS,NUAN,"Nuance Communications, Inc.",Information Technology,Software and Services
NasdaqGS,OLED,Universal Display Corporation,Information Technology,Semiconductors and Semiconductor Equipment
NasdaqGS,SATS,EchoStar Corporation,Information Technology,Technology Hardware and Equipment
NasdaqGS,SLAB,Silicon Laboratories Inc.,Information Technology,Semiconductors and Semiconductor Equipment
NYSE,AN,"AutoNation, Inc.",Consumer Discretionary,Retailing
NasdaqGS,BRKR,Bruker Corporation,Healthcare,"Pharmaceuticals, Biotechnology and Life Sciences"
NasdaqGS,TFSL,TFS Financial Corp,Financials,Banks
NYSE,CACI,CACI International Inc,Information Technology,Software and Services
NasdaqCM,MDGL,"Madrigal Pharmaceuticals, Inc.",Healthcare,"Pharmaceuticals, Biotechnology and Life Sciences"
NYSE,EVR,Evercore Inc.,Financials,Diversified Financials
NYSE,CHH,"Choice Hotels International, Inc.",Consumer Discretionary,Consumer Services
NYSE,CLGX,"CoreLogic, Inc.",Information Technology,Software and Services
NasdaqGS,EEFT,"Euronet Worldwide, Inc.",Information Technology,Software and Services
NYSE,FNB,F.N.B. Corporation,Financials,Banks
NasdaqGS,JCOM,"j2 Global, Inc.",Information Technology,Software and Services
NasdaqGS,INGN,"Inogen, Inc.",Healthcare,Healthcare Equipment and Services
NYSE,CABO,"Cable One, Inc.",Consumer Discretionary,Media
NYSE,PLNT,"Planet Fitness, Inc.",Consumer Discretionary,Consumer Services
NYSE,TDOC,"Teladoc, Inc.",Healthcare,Healthcare Equipment and Services
NYSE,BYD,Boyd Gaming Corporation,Consumer Discretionary,Consumer Services
NYSE,NYT,The New York Times Company,Consumer Discretionary,Media
NYSE,TCF,TCF Financial Corporation,Financials,Banks
NYSE,BKU,"BankUnited, Inc.",Financials,Banks
NYSE,MMS,"MAXIMUS, Inc.",Information Technology,Software and Services
NasdaqGS,RARE,Ultragenyx Pharmaceutical Inc.,Healthcare,"Pharmaceuticals, Biotechnology and Life Sciences"
NYSE,CNK,"Cinemark Holdings, Inc.",Consumer Discretionary,Media
NasdaqGS,WEN,The Wendy's Company,Consumer Discretionary,Consumer Services
NasdaqGS,NEOG,Neogen Corporation,Healthcare,Healthcare Equipment and Services
NYSE,PAG,"Penske Automotive Group, Inc.",Consumer Discretionary,Retailing
NasdaqGS,VSAT,"Viasat, Inc.",Information Technology,Technology Hardware and Equipment
NYSE,AEO,"American Eagle Outfitters, Inc.",Consumer Discretionary,Retailing
NYSE,MD,"MEDNAX, Inc.",Healthcare,Healthcare Equipment and Services
NYSE,MTG,MGIC Investment Corporation,Financials,Banks
NYSE,AGO,Assured Guaranty Ltd.,Financials,Insurance
NYSE,GDOT,Green Dot Corporation,Financials,Diversified Financials
NasdaqGS,CARG,"CarGurus, Inc.",Information Technology,Software and Services
NasdaqGS,CHDN,Churchill Downs Incorporated,Consumer Discretionary,Consumer Services
NYSE,CMD,Cantel Medical Corp.,Healthcare,Healthcare Equipment and Services
NasdaqGS,COHR,"Coherent, Inc.",Information Technology,Technology Hardware and Equipment
NasdaqGS,HOMB,"Home Bancshares, Inc. (Conway, AR)",Financials,Banks
NasdaqGM,TTD,"The Trade Desk, Inc.",Information Technology,Software and Services
NYSE,SNX,SYNNEX Corporation,Information Technology,Technology Hardware and Equipment
NasdaqGS,FHB,"First Hawaiian, Inc.",Financials,Banks
NYSE,DLPH,Delphi Technologies PLC,Consumer Discretionary,Automobiles and Components
NYSE,KMPR,Kemper Corporation,Financials,Insurance
NasdaqGS,UMBF,UMB Financial Corporation,Financials,Banks
NYSE,CIEN,Ciena Corporation,Information Technology,Technology Hardware and Equipment
NYSE,CNDT,Conduent Incorporated,Information Technology,Software and Services
NasdaqGS,VC,Visteon Corporation,Consumer Discretionary,Automobiles and Components
NasdaqGS,ACHC,"Acadia Healthcare Company, Inc.",Healthcare,Healthcare Equipment and Services
NYSE,SF,Stifel Financial Corp.,Financials,Diversified Financials
NasdaqGS,COUP,Coupa Software Incorporated,Information Technology,Software and Services
NasdaqGS,UBSI,"United Bankshares, Inc.",Financials,Banks
NYSE,VSH,"Vishay Intertechnology, Inc.",Information Technology,Technology Hardware and Equipment
NYSE,BOX,"Box, Inc.",Information Technology,Software and Services
NasdaqGS,ISBC,"Investors Bancorp, Inc.",Financials,Banks
NYSE,NCR,NCR Corporation,Information Technology,Technology Hardware and Equipment
NasdaqGS,NAVI,Navient Corporation,Financials,Diversified Financials
NasdaqGS,ZNGA,Zynga Inc.,Information Technology,Software and Services
NasdaqGS,LITE,Lumentum Holdings Inc.,Information Technology,Technology Hardware and Equipment
NasdaqGS,QLYS,"Qualys, Inc.",Information Technology,Software and Services
NasdaqGS,AMCX,AMC Networks Inc.,Consumer Discretionary,Media
NasdaqGS,MMYT,MakeMyTrip Limited,Consumer Discretionary,Retailing
NYSE,SAIC,Science Applications International Corporation,Information Technology,Software and Services
NasdaqGS,NXST,"Nexstar Media Group, Inc.",Consumer Discretionary,Media
NasdaqGS,CBRL,"Cracker Barrel Old Country Store, Inc.",Consumer Discretionary,Consumer Services
NasdaqGM,ARRY,Array BioPharma Inc.,Healthcare,"Pharmaceuticals, Biotechnology and Life Sciences"
NYSE,BOH,Bank of Hawaii Corporation,Financials,Banks
NasdaqGS,MIK,"The Michaels Companies, Inc.",Consumer Discretionary,Retailing
NYSE,ESNT,Essent Group Ltd.,Financials,Banks
NasdaqGS,LILA,Liberty Latin America Ltd.,Consumer Discretionary,Media
NasdaqGS,LILAK,Liberty Latin America Ltd.,Consumer Discretionary,Media
NasdaqGS,FFIN,"First Financial Bankshares, Inc.",Financials,Banks
NYSE,RDN,Radian Group Inc.,Financials,Banks
NasdaqGS,BGCP,"BGC Partners, Inc.",Financials,Diversified Financials
NYSE,BXMT,"Blackstone Mortgage Trust, Inc.",Financials,Diversified Financials
NYSE,MANU,Manchester United plc,Consumer Discretionary,Media
NYSE,CIM,Chimera Investment Corporation,Financials,Diversified Financials
NYSE,THC,Tenet Healthcare Corporation,Healthcare,Healthcare Equipment and Services
NYSE,DKS,"Dick's Sporting Goods, Inc.",Consumer Discretionary,Retailing
NasdaqGS,ERI,"Eldorado Resorts, Inc.",Consumer Discretionary,Consumer Services
NasdaqGS,DSGX,The Descartes Systems Group Inc,Information Technology,Software and Services
NYSE,SIG,Signet Jewelers Limited,Consumer Discretionary,Retailing
NYSE,DECK,Deckers Outdoor Corporation,Consumer Discretionary,Consumer Durables and Apparel
NasdaqGS,PCTY,Paylocity Holding Corporation,Information Technology,Software and Services
NYSE,HLI,"Houlihan Lokey, Inc.",Financials,Diversified Financials
NasdaqGS,SIGI,"Selective Insurance Group, Inc.",Financials,Insurance
NasdaqGS,OPK,"OPKO Health, Inc.",Healthcare,"Pharmaceuticals, Biotechnology and Life Sciences"
NYSE,HGV,Hilton Grand Vacations Inc.,Consumer Discretionary,Consumer Services
NasdaqGS,LAUR,"Laureate Education, Inc.",Consumer Discretionary,Consumer Services
NYSE,YELP,Yelp Inc.,Information Technology,Software and Services
NasdaqGS,CBPO,"China Biologic Products Holdings, Inc.",Healthcare,"Pharmaceuticals, Biotechnology and Life Sciences"
NasdaqGS,GBCI,"Glacier Bancorp, Inc.",Financials,Banks
NasdaqGS,ANAT,American National Insurance Company,Financials,Insurance
NasdaqGS,MANH,"Manhattan Associates, Inc.",Information Technology,Software and Services
NYSE,BXS,BancorpSouth Bank,Financials,Banks
NYSE,CNO,"CNO Financial Group, Inc.",Financials,Insurance
NasdaqGS,CATY,Cathay General Bancorp,Financials,Banks
NasdaqGS,SMTC,Semtech Corporation,Information Technology,Semiconductors and Semiconductor Equipment
NasdaqGS,PENN,"Penn National Gaming, Inc.",Consumer Discretionary,Consumer Services
NYSE,CHGG,"Chegg, Inc.",Consumer Discretionary,Consumer Services
NasdaqGS,TECD,Tech Data Corporation,Information Technology,Technology Hardware and Equipment
NasdaqGS,SFIX,"Stitch Fix, Inc.",Consumer Discretionary,Retailing
NasdaqGS,NVCR,NovoCure Limited,Healthcare,Healthcare Equipment and Services
NYSE,WWW,"Wolverine World Wide, Inc.",Consumer Discretionary,Consumer Durables and Apparel
NasdaqGS,SSB,South State Corporation,Financials,Banks
NasdaqGS,AMED,"Amedisys, Inc.",Healthcare,Healthcare Equipment and Services
NasdaqGS,CVLT,"Commvault Systems, Inc.",Information Technology,Software and Services
NasdaqGS,IRWD,"Ironwood Pharmaceuticals, Inc.",Healthcare,"Pharmaceuticals, Biotechnology and Life Sciences"
NasdaqGS,FEYE,"FireEye, Inc.",Information Technology,Software and Services
NYSE,AEL,American Equity Investment Life Holding Company,Financials,Insurance
NYSE,VAC,Marriott Vacations Worldwide Corporation,Consumer Discretionary,Consumer Services
NYSE,ATGE,Adtalem Global Education Inc.,Consumer Discretionary,Consumer Services
NYSE,CBU,"Community Bank System, Inc.",Financials,Banks
NYSE,AAN,"Aaron's, Inc.",Consumer Discretionary,Retailing
NYSE,MFA,"MFA Financial, Inc.",Financials,Diversified Financials
NasdaqGS,SHOO,"Steven Madden, Ltd.",Consumer Discretionary,Consumer Durables and Apparel
NasdaqGS,FFBC,First Financial Bancorp.,Financials,Banks
NYSE,PLT,"Plantronics, Inc.",Information Technology,Technology Hardware and Equipment
NasdaqGS,VRNT,Verint Systems Inc.,Information Technology,Software and Services
NasdaqGS,ACIW,"ACI Worldwide, Inc.",Information Technology,Software and Services
NasdaqGS,HELE,Helen of Troy Limited,Consumer Discretionary,Consumer Durables and Apparel
NYSE,RLI,RLI Corp.,Financials,Insurance
NasdaqGS,EYE,"National Vision Holdings, Inc.",Consumer Discretionary,Retailing
NYSE,GHC,Graham Holdings Company,Consumer Discretionary,Consumer Services
NYSE,DAN,Dana Incorporated,Consumer Discretionary,Automobiles and Components
NasdaqGS,COLB,"Columbia Banking System, Inc.",Financials,Banks
NasdaqCM,HRTX,"Heron Therapeutics, Inc.",Healthcare,"Pharmaceuticals, Biotechnology and Life Sciences"
NYSE,RH,RH,Consumer Discretionary,Retailing
NasdaqGS,SBGI,"Sinclair Broadcast Group, Inc.",Consumer Discretionary,Media
NasdaqGS,TREE,"LendingTree, Inc.",Financials,Banks
NasdaqGS,MYGN,"Myriad Genetics, Inc.",Healthcare,"Pharmaceuticals, Biotechnology and Life Sciences"
NasdaqGS,FULT,Fulton Financial Corporation,Financials,Banks
NasdaqGS,BPMC,Blueprint Medicines Corporation,Healthcare,"Pharmaceuticals, Biotechnology and Life Sciences"
NasdaqGM,NGHC,National General Holdings Corp.,Financials,Insurance
NasdaqGM,FOLD,"Amicus Therapeutics, Inc.",Healthcare,"Pharmaceuticals, Biotechnology and Life Sciences"
NasdaqGS,IBOC,International Bancshares Corporation,Financials,Banks
NasdaqGS,IDCC,"InterDigital, Inc.",Information Technology,Technology Hardware and Equipment
NasdaqGM,AERI,"Aerie Pharmaceuticals, Inc.",Healthcare,"Pharmaceuticals, Biotechnology and Life Sciences"
NasdaqGS,CCMP,Cabot Microelectronics Corporation,Information Technology,Semiconductors and Semiconductor Equipment
NYSE,BLD,TopBuild Corp.,Consumer Discretionary,Consumer Durables and Apparel
NasdaqGM,MDB,"MongoDB, Inc.",Information Technology,Software and Services
NYSE,AMN,"AMN Healthcare Services, Inc.",Healthcare,Healthcare Equipment and Services
NYSE,WTM,"White Mountains Insurance Group, Ltd.",Financials,Insurance
NasdaqGS,ONB,Old National Bancorp,Financials,Banks
NasdaqGS,LHCG,"LHC Group, Inc.",Healthcare,Healthcare Equipment and Services
NasdaqGM,CRSP,CRISPR Therapeutics AG,Healthcare,"Pharmaceuticals, Biotechnology and Life Sciences"
NYSE,LM,"Legg Mason, Inc.",Financials,Diversified Financials
NasdaqGS,HZNP,Horizon Pharma Public Limited Company,Healthcare,"Pharmaceuticals, Biotechnology and Life Sciences"
NYSE,TPX,"Tempur Sealy International, Inc.",Consumer Discretionary,Consumer Durables and Apparel
NasdaqGS,MMSI,"Merit Medical Systems, Inc.",Healthcare,Healthcare Equipment and Services
NYSE,TWO,Two Harbors Investment Corp.,Financials,Diversified Financials
NasdaqGS,WAFD,"Washington Federal, Inc.",Financials,Banks
NasdaqGS,SFNC,Simmons First National Corporation,Financials,Banks
NasdaqGS,ICPT,"Intercept Pharmaceuticals, Inc.",Healthcare,"Pharmaceuticals, Biotechnology and Life Sciences"
NasdaqGM,SUPN,"Supernus Pharmaceuticals, Inc.",Healthcare,"Pharmaceuticals, Biotechnology and Life Sciences"
NYSE,CLNC,"Colony Credit Real Estate, Inc.",Financials,Diversified Financials
NasdaqGS,VIRT,"Virtu Financial, Inc.",Financials,Diversified Financials
NasdaqGS,NUVA,"NuVasive, Inc.",Healthcare,Healthcare Equipment and Services
NasdaqGS,BBBY,Bed Bath & Beyond Inc.,Consumer Discretionary,Retailing
NasdaqGS,WMGI,Wright Medical Group N.V.,Healthcare,Healthcare Equipment and Services
NasdaqGS,IIVI,II-VI Incorporated,Information Technology,Technology Hardware and Equipment
NYSE,EBS,Emergent BioSolutions Inc.,Healthcare,"Pharmaceuticals, Biotechnology and Life Sciences"
NasdaqGS,FMBI,"First Midwest Bancorp, Inc.",Financials,Banks
NasdaqGS,GRPN,"Groupon, Inc.",Consumer Discretionary,Retailing
NYSE,MUSA,Murphy USA Inc.,Consumer Discretionary,Retailing
NYSE,QTWO,"Q2 Holdings, Inc.",Information Technology,Software and Services
NYSE,ENV,"Envestnet, Inc.",Information Technology,Software and Services
NYSE,ZUO,"Zuora, Inc.",Information Technology,Software and Services
NYSE,BDC,Belden Inc.,Information Technology,Technology Hardware and Equipment
NasdaqGS,QDEL,Quidel Corporation,Healthcare,Healthcare Equipment and Services
NYSE,NTB,The Bank of N.T. Butterfield & Son Limited,Financials,Banks
NYSE,TPH,"TRI Pointe Group, Inc.",Consumer Discretionary,Consumer Durables and Apparel
NYSE,AYX,"Alteryx, Inc.",Information Technology,Software and Services
NasdaqGS,EBIX,"Ebix, Inc.",Information Technology,Software and Services
NYSE,GTT,"GTT Communications, Inc.",Information Technology,Software and Services
NYSE,SEM,Select Medical Holdings Corporation,Healthcare,Healthcare Equipment and Services
NasdaqGS,CAKE,The Cheesecake Factory Incorporated,Consumer Discretionary,Consumer Services
NasdaqGS,BL,"BlackLine, Inc.",Information Technology,Software and Services
NasdaqGS,NTCT,"NetScout Systems, Inc.",Information Technology,Technology Hardware and Equipment
NasdaqGS,RRR,"Red Rock Resorts, Inc.",Consumer Discretionary,Consumer Services
NasdaqGS,CVBF,CVB Financial Corp.,Financials,Banks
NasdaqGS,MIME,Mimecast Limited,Information Technology,Software and Services
NasdaqGS,HALO,"Halozyme Therapeutics, Inc.",Healthcare,"Pharmaceuticals, Biotechnology and Life Sciences"
NYSE,NNI,"Nelnet, Inc.",Financials,Diversified Financials
NasdaqGS,NTGR,"NETGEAR, Inc.",Information Technology,Technology Hardware and Equipment
NasdaqGS,SEDG,"SolarEdge Technologies, Inc.",Information Technology,Semiconductors and Semiconductor Equipment
NYSE,MCY,Mercury General Corporation,Financials,Insurance
NasdaqGS,JACK,Jack in the Box Inc.,Consumer Discretionary,Consumer Services
NasdaqGS,ABCB,Ameris Bancorp,Financials,Banks
NasdaqGS,AKCA,"Akcea Therapeutics, Inc.",Healthcare,"Pharmaceuticals, Biotechnology and Life Sciences"
NYSE,CADE,Cadence Bancorporation,Financials,Banks
NasdaqGS,CRUS,"Cirrus Logic, Inc.",Information Technology,Semiconductors and Semiconductor Equipment
NYSE,GWB,"Great Western Bancorp, Inc.",Financials,Banks
NasdaqGS,CLVS,"Clovis Oncology, Inc.",Healthcare,"Pharmaceuticals, Biotechnology and Life Sciences"
NasdaqGS,FIBK,"First Interstate BancSystem, Inc.",Financials,Banks
NYSE,CPS,Cooper-Standard Holdings Inc.,Consumer Discretionary,Automobiles and Components
NasdaqGS,UCBI,"United Community Banks, Inc.",Financials,Banks
NYSE,TGNA,TEGNA Inc.,Consumer Discretionary,Media
NasdaqGS,RGNX,REGENXBIO Inc.,Healthcare,"Pharmaceuticals, Biotechnology and Life Sciences"
NYSE,SAIL,"SailPoint Technologies Holdings, Inc.",Information Technology,Software and Services
NYSE,LAD,"Lithia Motors, Inc.",Consumer Discretionary,Retailing
NYSE,SMAR,Smartsheet Inc.,Information Technology,Software and Services
NYSE,MC,Moelis & Company,Financials,Diversified Financials
NYSE,AMRX,"Amneal Pharmaceuticals, Inc.",Healthcare,"Pharmaceuticals, Biotechnology and Life Sciences"
NYSE,TMHC,Taylor Morrison Home Corporation,Consumer Discretionary,Consumer Durables and Apparel
NasdaqGS,HOPE,"Hope Bancorp, Inc.",Financials,Banks
NasdaqGS,SPPI,"Spectrum Pharmaceuticals, Inc.",Healthcare,"Pharmaceuticals, Biotechnology and Life Sciences"
NasdaqGS,CYBR,CyberArk Software Ltd.,Information Technology,Software and Services
NYSE,KBH,KB Home,Consumer Discretionary,Consumer Durables and Apparel
NasdaqGS,VIAV,Viavi Solutions Inc.,Information Technology,Technology Hardware and Equipment
NYSE,DDS,"Dillard's, Inc.",Consumer Discretionary,Retailing
NasdaqGS,ENDP,Endo International plc,Healthcare,"Pharmaceuticals, Biotechnology and Life Sciences"
NasdaqGS,ITRI,"Itron, Inc.",Information Technology,Technology Hardware and Equipment
NYSE,MDP,Meredith Corporation,Consumer Discretionary,Media
NasdaqGS,MANT,ManTech International Corporation,Information Technology,Software and Services
NasdaqGS,ALTR,Altair Engineering Inc.,Information Technology,Software and Services
NYSE,LCII,LCI Industries,Consumer Discretionary,Automobiles and Components
NasdaqGS,DORM,"Dorman Products, Inc.",Consumer Discretionary,Automobiles and Components
NasdaqGS,MGLN,"Magellan Health, Inc.",Healthcare,Healthcare Equipment and Services
NasdaqGS,TOWN,TowneBank,Financials,Banks
NYSE,ITGR,Integer Holdings Corporation,Healthcare,Healthcare Equipment and Services
NasdaqGS,ENTA,"Enanta Pharmaceuticals, Inc.",Healthcare,"Pharmaceuticals, Biotechnology and Life Sciences"
NasdaqGS,PPBI,"Pacific Premier Bancorp, Inc.",Financials,Banks
NYSE,GNW,"Genworth Financial, Inc.",Financials,Insurance
NasdaqGS,FRME,First Merchants Corporation,Financials,Banks
NasdaqGS,AEIS,"Advanced Energy Industries, Inc.",Information Technology,Semiconductors and Semiconductor Equipment
NYSE,AVYA,Avaya Holdings Corp.,Information Technology,Software and Services
NYSE,ARI,"Apollo Commercial Real Estate Finance, Inc.",Financials,Diversified Financials
NYSE,HOME,At Home Group Inc.,Consumer Discretionary,Retailing
NasdaqGS,SFBS,"ServisFirst Bancshares, Inc.",Financials,Banks
NasdaqGS,BRKS,"Brooks Automation, Inc.",Information Technology,Semiconductors and Semiconductor Equipment
NasdaqGS,TRMK,Trustmark Corporation,Financials,Banks
NasdaqGS,NOVT,Novanta Inc.,Information Technology,Technology Hardware and Equipment
NYSE,CARS,Cars.com Inc.,Information Technology,Software and Services
NasdaqGM,XNCR,"Xencor, Inc.",Healthcare,"Pharmaceuticals, Biotechnology and Life Sciences"
NasdaqGS,GIII,"G-III Apparel Group, Ltd.",Consumer Discretionary,Consumer Durables and Apparel
NasdaqGS,POWI,"Power Integrations, Inc.",Information Technology,Semiconductors and Semiconductor Equipment
NasdaqGS,EPAY,"Bottomline Technologies (de), Inc.",Information Technology,Software and Services
NYSE,CLS,Celestica Inc.,Information Technology,Technology Hardware and Equipment
NasdaqGS,VRNS,"Varonis Systems, Inc.",Information Technology,Software and Services
NYSE,TEN,Tenneco Inc.,Consumer Discretionary,Automobiles and Components
NasdaqGS,RNST,Renasant Corporation,Financials,Banks
NasdaqGS,MYOK,"MyoKardia, Inc.",Healthcare,"Pharmaceuticals, Biotechnology and Life Sciences"
NasdaqGS,MDRX,"Allscripts Healthcare Solutions, Inc.",Healthcare,Healthcare Equipment and Services
NYSE,CLDR,"Cloudera, Inc.",Information Technology,Software and Services
NasdaqGS,IRBT,iRobot Corporation,Consumer Discretionary,Consumer Durables and Apparel
NasdaqGS,INDB,Independent Bank Corp.,Financials,Banks
NasdaqGS,MNRO,"Monro, Inc.",Consumer Discretionary,Retailing
NasdaqGS,ARNA,"Arena Pharmaceuticals, Inc.",Healthcare,"Pharmaceuticals, Biotechnology and Life Sciences"
NYSE,ROG,Rogers Corporation,Information Technology,Technology Hardware and Equipment
NasdaqGS,MNTA,"Momenta Pharmaceuticals, Inc.",Healthcare,"Pharmaceuticals, Biotechnology and Life Sciences"
NasdaqGM,APPF,"AppFolio, Inc.",Information Technology,Software and Services
NasdaqGM,ZGNX,"Zogenix, Inc.",Healthcare,"Pharmaceuticals, Biotechnology and Life Sciences"
NYSE,AMC,"AMC Entertainment Holdings, Inc.",Consumer Discretionary,Media
NasdaqGS,TSEM,Tower Semiconductor Ltd.,Information Technology,Semiconductors and Semiconductor Equipment
NasdaqGS,WSBC,"WesBanco, Inc.",Financials,Banks
NYSE,EAT,"Brinker International, Inc.",Consumer Discretionary,Consumer Services
NasdaqGS,EXLS,"ExlService Holdings, Inc.",Information Technology,Software and Services
NasdaqGS,ACAD,ACADIA Pharmaceuticals Inc.,Healthcare,"Pharmaceuticals, Biotechnology and Life Sciences"
NasdaqGM,XLRN,Acceleron Pharma Inc.,Healthcare,"Pharmaceuticals, Biotechnology and Life Sciences"
NYSE,HTH,Hilltop Holdings Inc.,Financials,Banks
NasdaqGS,SANM,Sanmina Corporation,Information Technology,Technology Hardware and Equipment
NasdaqGS,RGEN,Repligen Corporation,Healthcare,"Pharmaceuticals, Biotechnology and Life Sciences"
NasdaqGS,PDCO,"Patterson Companies, Inc.",Healthcare,Healthcare Equipment and Services
NasdaqGS,IBTX,"Independent Bank Group, Inc.",Financials,Banks
NYSE,TUP,Tupperware Brands Corporation,Consumer Discretionary,Consumer Durables and Apparel
NasdaqGS,OMCL,"Omnicell, Inc.",Healthcare,Healthcare Equipment and Services
NasdaqCM,EGBN,"Eagle Bancorp, Inc.",Financials,Banks
NasdaqCM,AXGN,"AxoGen, Inc.",Healthcare,Healthcare Equipment and Services
NYSE,GLOB,Globant S.A.,Information Technology,Software and Services
NasdaqGS,ALRM,"Alarm.com Holdings, Inc.",Information Technology,Software and Services
NasdaqGS,CNMD,CONMED Corporation,Healthcare,Healthcare Equipment and Services
NasdaqGS,GBT,"Global Blood Therapeutics, Inc.",Healthcare,"Pharmaceuticals, Biotechnology and Life Sciences"
NYSE,ARGO,"Argo Group International Holdings, Ltd.",Financials,Insurance
NasdaqGS,PLXS,Plexus Corp.,Information Technology,Technology Hardware and Equipment
NasdaqGS,AMKR,"Amkor Technology, Inc.",Information Technology,Semiconductors and Semiconductor Equipment
NYSE,CNS,"Cohen & Steers, Inc.",Financials,Diversified Financials
NasdaqGS,HMSY,HMS Holdings Corp.,Healthcare,Healthcare Equipment and Services
NYSE,PRA,ProAssurance Corporation,Financials,Insurance
NYSE,FFG,"FBL Financial Group, Inc.",Financials,Insurance
NasdaqGM,APPN,Appian Corporation,Information Technology,Software and Services
NasdaqGM,FIVN,"Five9, Inc.",Information Technology,Software and Services
NasdaqGS,BANF,BancFirst Corporation,Financials,Banks
NasdaqGS,PBYI,"Puma Biotechnology, Inc.",Healthcare,"Pharmaceuticals, Biotechnology and Life Sciences"
NasdaqGS,FOXF,Fox Factory Holding Corp.,Consumer Discretionary,Automobiles and Components
NasdaqGS,BANR,Banner Corporation,Financials,Banks
NYSE,PBH,"Prestige Brands Holdings, Inc.",Healthcare,"Pharmaceuticals, Biotechnology and Life Sciences"
NasdaqGS,PINC,"Premier, Inc.",Healthcare,Healthcare Equipment and Services
NasdaqGS,CVCO,"Cavco Industries, Inc.",Consumer Discretionary,Consumer Durables and Apparel
NasdaqGS,IRTC,"iRhythm Technologies, Inc.",Healthcare,Healthcare Equipment and Services
NYSE,SEAS,"SeaWorld Entertainment, Inc.",Consumer Discretionary,Consumer Services
NasdaqGS,ENSG,"The Ensign Group, Inc.",Healthcare,Healthcare Equipment and Services
NYSE,EGHT,"8x8, Inc.",Information Technology,Software and Services
NasdaqGM,PAHC,Phibro Animal Health Corporation,Healthcare,"Pharmaceuticals, Biotechnology and Life Sciences"
NasdaqGS,KLIC,"Kulicke and Soffa Industries, Inc.",Information Technology,Semiconductors and Semiconductor Equipment
NYSE,FBC,"Flagstar Bancorp, Inc.",Financials,Banks
NasdaqGS,INSM,Insmed Incorporated,Healthcare,"Pharmaceuticals, Biotechnology and Life Sciences"
NasdaqGS,PRAA,"PRA Group, Inc.",Financials,Diversified Financials
NasdaqGS,BLMN,"Bloomin' Brands, Inc.",Consumer Discretionary,Consumer Services
NasdaqGS,PLCE,"The Children's Place, Inc.",Consumer Discretionary,Retailing
NasdaqGS,CLBK,"Columbia Financial, Inc.",Financials,Banks
NasdaqGS,PLAY,"Dave & Buster's Entertainment, Inc.",Consumer Discretionary,Consumer Services
NYSE,SBH,"Sally Beauty Holdings, Inc.",Consumer Discretionary,Retailing
NasdaqGS,TTMI,"TTM Technologies, Inc.",Information Technology,Technology Hardware and Equipment
NYSE,LC,LendingClub Corporation,Financials,Diversified Financials
NYSE,MTH,Meritage Homes Corporation,Consumer Discretionary,Consumer Durables and Apparel
NYSE,AXL,"American Axle & Manufacturing Holdings, Inc.",Consumer Discretionary,Automobiles and Components
NYSE,BHLB,"Berkshire Hills Bancorp, Inc.",Financials,Banks
NYSE,SHAK,Shake Shack Inc.,Consumer Discretionary,Consumer Services
NYSE,HMN,Horace Mann Educators Corporation,Financials,Insurance
NasdaqGS,NWBI,"Northwest Bancshares, Inc.",Financials,Banks
NYSE,MSGN,MSG Networks Inc.,Consumer Discretionary,Media
NYSE,YEXT,"Yext, Inc.",Information Technology,Software and Services
NYSE,BXG,Bluegreen Vacations Corporation,Consumer Discretionary,Consumer Services
NasdaqGS,CFFN,"Capitol Federal Financial, Inc.",Financials,Banks
NYSE,MDC,"M.D.C. Holdings, Inc.",Consumer Discretionary,Consumer Durables and Apparel
NasdaqGS,DIOD,Diodes Incorporated,Information Technology,Semiconductors and Semiconductor Equipment
NYSE,PFS,"Provident Financial Services, Inc.",Financials,Banks
NYSE,GES,"Guess?, Inc.",Consumer Discretionary,Retailing
NYSE,IVR,Invesco Mortgage Capital Inc.,Financials,Diversified Financials
NYSE,GOLF,Acushnet Holdings Corp.,Consumer Discretionary,Consumer Durables and Apparel
NYSE,WD,"Walker & Dunlop, Inc.",Financials,Banks
NYSE,MNK,Mallinckrodt Public Limited Company,Healthcare,"Pharmaceuticals, Biotechnology and Life Sciences"
NasdaqGS,BCOR,"Blucora, Inc.",Information Technology,Software and Services
NYSE,SSTK,"Shutterstock, Inc.",Information Technology,Software and Services
NYSE,NVRO,Nevro Corp.,Healthcare,Healthcare Equipment and Services
NYSE,ELY,Callaway Golf Company,Consumer Discretionary,Consumer Durables and Apparel
NasdaqGS,PRGS,Progress Software Corporation,Information Technology,Software and Services
NasdaqGS,HTLF,"Heartland Financial USA, Inc.",Financials,Banks
NasdaqGS,NSIT,"Insight Enterprises, Inc.",Information Technology,Technology Hardware and Equipment
NYSE,BKD,Brookdale Senior Living Inc.,Healthcare,Healthcare Equipment and Services
NYSE,EVH,"Evolent Health, Inc.",Healthcare,Healthcare Equipment and Services
NYSE,ANF,Abercrombie & Fitch Co.,Consumer Discretionary,Retailing
NYSE,DDD,3D Systems Corporation,Information Technology,Technology Hardware and Equipment
NYSE,IBP,"Installed Building Products, Inc.",Consumer Discretionary,Consumer Durables and Apparel
NYSE,FBP,First BanCorp.,Financials,Banks
NasdaqGS,WSFS,WSFS Financial Corporation,Financials,Banks
NasdaqGS,NBTB,NBT Bancorp Inc.,Financials,Banks
AMEX,PRK,Park National Corporation,Financials,Banks
NasdaqGS,ATRA,"Atara Biotherapeutics, Inc.",Healthcare,"Pharmaceuticals, Biotechnology and Life Sciences"
NasdaqGS,AIMT,"Aimmune Therapeutics, Inc.",Healthcare,"Pharmaceuticals, Biotechnology and Life Sciences"
NasdaqGS,SYNA,Synaptics Incorporated,Information Technology,Semiconductors and Semiconductor Equipment
NYSE,BIG,"Big Lots, Inc.",Consumer Discretionary,Retailing
NYSE,APAM,Artisan Partners Asset Management Inc.,Financials,Diversified Financials
NasdaqGS,PTCT,"PTC Therapeutics, Inc.",Healthcare,"Pharmaceuticals, Biotechnology and Life Sciences"
NasdaqGS,ANAB,"AnaptysBio, Inc.",Healthcare,"Pharmaceuticals, Biotechnology and Life Sciences"
NasdaqGS,PZZA,"Papa John's International, Inc.",Consumer Discretionary,Consumer Services
NasdaqGS,EDIT,"Editas Medicine, Inc.",Healthcare,"Pharmaceuticals, Biotechnology and Life Sciences"
NasdaqCM,CORT,Corcept Therapeutics Incorporated,Healthcare,"Pharmaceuticals, Biotechnology and Life Sciences"
NasdaqGS,VRTU,Virtusa Corporation,Information Technology,Software and Services
NasdaqGS,SCHL,Scholastic Corporation,Consumer Discretionary,Media
NasdaqGS,BEAT,"BioTelemetry, Inc.",Healthcare,Healthcare Equipment and Services
NYSE,FIT,"Fitbit, Inc.",Information Technology,Technology Hardware and Equipment
NasdaqGS,TTEC,"TTEC Holdings, Inc.",Information Technology,Software and Services
NYSE,PRTY,Party City Holdco Inc.,Consumer Discretionary,Retailing
NYSE,CCO,"Clear Channel Outdoor Holdings, Inc.",Consumer Discretionary,Media
NYSE,FCF,First Commonwealth Financial Corporation,Financials,Banks
NasdaqGS,BUSE,First Busey Corporation,Financials,Banks
NasdaqGS,MEDP,"Medpace Holdings, Inc.",Healthcare,"Pharmaceuticals, Biotechnology and Life Sciences"
NYSE,HUD,Hudson Ltd.,Consumer Discretionary,Retailing
NasdaqGM,CRON,Cronos Group Inc.,Healthcare,"Pharmaceuticals, Biotechnology and Life Sciences"
NYSE,EVTC,"EVERTEC, Inc.",Information Technology,Software and Services
NYSE,ARCO,Arcos Dorados Holdings Inc.,Consumer Discretionary,Consumer Services
NYSE,LADR,Ladder Capital Corp,Financials,Diversified Financials
NasdaqGS,WABC,Westamerica Bancorporation,Financials,Banks
NasdaqGS,MTSI,"MACOM Technology Solutions Holdings, Inc.",Information Technology,Semiconductors and Semiconductor Equipment
NasdaqGS,INOV,"Inovalon Holdings, Inc.",Healthcare,Healthcare Equipment and Services
NYSE,GME,GameStop Corp.,Consumer Discretionary,Retailing
NasdaqGS,MSTR,MicroStrategy Incorporated,Information Technology,Software and Services
NYSE,WDR,"Waddell & Reed Financial, Inc.",Financials,Diversified Financials
NasdaqGS,STBA,"S&T Bancorp, Inc.",Financials,Banks
NasdaqGS,EIGI,"Endurance International Group Holdings, Inc.",Information Technology,Software and Services
NYSE,BSIG,BrightSphere Investment Group plc,Financials,Diversified Financials
NasdaqGS,SASR,"Sandy Spring Bancorp, Inc.",Financials,Banks
NYSE,IMAX,IMAX Corporation,Consumer Discretionary,Media
NasdaqGS,INVA,"Innoviva, Inc.",Healthcare,"Pharmaceuticals, Biotechnology and Life Sciences"
NYSE,SYX,Systemax Inc.,Industrials,Capital Goods
NYSE,OXM,"Oxford Industries, Inc.",Consumer Discretionary,Consumer Durables and Apparel
NYSE,BHVN,Biohaven Pharmaceutical Holding Company Ltd.,Healthcare,"Pharmaceuticals, Biotechnology and Life Sciences"
NasdaqGS,PCRX,"Pacira Pharmaceuticals, Inc.",Healthcare,"Pharmaceuticals, Biotechnology and Life Sciences"
NYSE,IPHI,Inphi Corporation,Information Technology,Semiconductors and Semiconductor Equipment
NasdaqGS,WING,Wingstop Inc.,Consumer Discretionary,Consumer Services
NasdaqGS,SBCF,Seacoast Banking Corporation of Florida,Financials,Banks
NasdaqGS,THRM,Gentherm Incorporated,Consumer Discretionary,Automobiles and Components
NasdaqGS,IMGN,"ImmunoGen, Inc.",Healthcare,"Pharmaceuticals, Biotechnology and Life Sciences"
NasdaqGS,BRKL,"Brookline Bancorp, Inc.",Financials,Banks
NYSE,EEX,"Emerald Expositions Events, Inc.",Consumer Discretionary,Media
NasdaqGS,ODP,"Office Depot, Inc.",Consumer Discretionary,Retailing
NasdaqGS,GTHX,"G1 Therapeutics, Inc.",Healthcare,"Pharmaceuticals, Biotechnology and Life Sciences"
NasdaqGS,SGMO,"Sangamo Therapeutics, Inc.",Healthcare,"Pharmaceuticals, Biotechnology and Life Sciences"
NYSE,MEI,"Methode Electronics, Inc.",Information Technology,Technology Hardware and Equipment
NYSE,CAL,"Caleres, Inc.",Consumer Discretionary,Retailing
NYSE,GKOS,Glaukos Corporation,Healthcare,Healthcare Equipment and Services
NYSE,FN,Fabrinet,Information Technology,Technology Hardware and Equipment
NasdaqGM,RPD,"Rapid7, Inc.",Information Technology,Software and Services
NasdaqGM,FSCT,"ForeScout Technologies, Inc.",Information Technology,Software and Services
NasdaqGM,EVBG,"Everbridge, Inc.",Information Technology,Software and Services
NasdaqGS,OCFC,OceanFirst Financial Corp.,Financials,Banks
NasdaqGS,TXMD,"TherapeuticsMD, Inc.",Healthcare,"Pharmaceuticals, Biotechnology and Life Sciences"
NYSE,KN,Knowles Corporation,Information Technology,Technology Hardware and Equipment
NasdaqGS,SRCE,1st Source Corporation,Financials,Banks
NasdaqGS,LMNX,Luminex Corporation,Healthcare,"Pharmaceuticals, Biotechnology and Life Sciences"
NasdaqGM,TBPH,"Theravance Biopharma, Inc.",Healthcare,"Pharmaceuticals, Biotechnology and Life Sciences"
NasdaqGS,ACOR,"Acorda Therapeutics, Inc.",Healthcare,"Pharmaceuticals, Biotechnology and Life Sciences"
NasdaqGS,TVTY,"Tivity Health, Inc.",Healthcare,Healthcare Equipment and Services
NasdaqGS,VREX,Varex Imaging Corporation,Healthcare,Healthcare Equipment and Services
NYSE,LZB,La-Z-Boy Incorporated,Consumer Discretionary,Consumer Durables and Apparel
NasdaqGS,UFCS,"United Fire Group, Inc.",Financials,Insurance
NYSE,DESP,"Despegar.com, Corp.",Consumer Discretionary,Retailing
NYSE,ABG,"Asbury Automotive Group, Inc.",Consumer Discretionary,Retailing
NYSE,BHE,"Benchmark Electronics, Inc.",Information Technology,Technology Hardware and Equipment
NYSE,MYOV,Myovant Sciences Ltd.,Healthcare,"Pharmaceuticals, Biotechnology and Life Sciences"
NasdaqGS,OSIS,"OSI Systems, Inc.",Information Technology,Technology Hardware and Equipment
NYSE,CNNE,"Cannae Holdings, Inc.",Financials,Diversified Financials
NasdaqGS,KRNY,Kearny Financial Corp.,Financials,Banks
NasdaqGS,WETF,"WisdomTree Investments, Inc.",Financials,Diversified Financials
NasdaqGS,CSGS,"CSG Systems International, Inc.",Information Technology,Software and Services
NYSE,EIG,"Employers Holdings, Inc.",Financials,Insurance
NasdaqGS,PLYA,Playa Hotels & Resorts N.V.,Consumer Discretionary,Consumer Services
NasdaqGS,RMBS,Rambus Inc.,Information Technology,Semiconductors and Semiconductor Equipment
NasdaqGM,STAA,STAAR Surgical Company,Healthcare,Healthcare Equipment and Services
NasdaqGS,ACIA,"Acacia Communications, Inc.",Information Technology,Technology Hardware and Equipment
NasdaqGS,INFN,Infinera Corporation,Information Technology,Technology Hardware and Equipment
NasdaqGS,SAFT,"Safety Insurance Group, Inc.",Financials,Insurance
NasdaqGS,BPFH,"Boston Private Financial Holdings, Inc.",Financials,Banks
NasdaqGS,PLUS,ePlus inc.,Information Technology,Technology Hardware and Equipment
NasdaqGS,LPSN,"LivePerson, Inc.",Information Technology,Software and Services
NasdaqGS,SPSC,"SPS Commerce, Inc.",Information Technology,Software and Services
AMEX,TMP,Tompkins Financial Corporation,Financials,Banks
NYSE,GTN,"Gray Television, Inc.",Consumer Discretionary,Media
NYSE,QUOT,Quotient Technology Inc.,Information Technology,Software and Services
NasdaqGS,STFC,State Auto Financial Corporation,Financials,Insurance
NasdaqGS,BATRA,The Liberty Braves Group,Consumer Discretionary,Media
NasdaqGS,BATRK,The Liberty Braves Group,Consumer Discretionary,Media
NasdaqGS,DNLI,Denali Therapeutics Inc.,Healthcare,"Pharmaceuticals, Biotechnology and Life Sciences"
NYSE,BMI,"Badger Meter, Inc.",Information Technology,Technology Hardware and Equipment
NYSE,GPI,"Group 1 Automotive, Inc.",Consumer Discretionary,Retailing
NasdaqGS,HOLI,Hollysys Automation Technologies Ltd.,Information Technology,Technology Hardware and Equipment
NasdaqGS,SOHU,Sohu.com Limited,Information Technology,Software and Services
NasdaqGS,LGIH,"LGI Homes, Inc.",Consumer Discretionary,Consumer Durables and Apparel
NasdaqGM,RDUS,"Radius Health, Inc.",Healthcare,"Pharmaceuticals, Biotechnology and Life Sciences"
NYSE,TPRE,Third Point Reinsurance Ltd.,Financials,Insurance
NasdaqGS,QURE,uniQure N.V.,Healthcare,"Pharmaceuticals, Biotechnology and Life Sciences"
NasdaqGS,LASR,"nLIGHT, Inc.",Information Technology,Technology Hardware and Equipment
NasdaqGS,BJRI,"BJ's Restaurants, Inc.",Consumer Discretionary,Consumer Services
NasdaqGS,STRA,"Strayer Education, Inc.",Consumer Discretionary,Consumer Services
NYSE,WGO,"Winnebago Industries, Inc.",Consumer Discretionary,Automobiles and Components
NasdaqGS,LXRX,"Lexicon Pharmaceuticals, Inc.",Healthcare,"Pharmaceuticals, Biotechnology and Life Sciences"
NasdaqGS,HFWA,Heritage Financial Corporation,Financials,Banks
NasdaqGS,CASA,"Casa Systems, Inc.",Information Technology,Technology Hardware and Equipment
NYSE,UVE,"Universal Insurance Holdings, Inc.",Financials,Insurance
NYSE,CTB,Cooper Tire & Rubber Company,Consumer Discretionary,Automobiles and Components
NYSE,USPH,"U.S. Physical Therapy, Inc.",Healthcare,Healthcare Equipment and Services
NYSE,DIN,"Dine Brands Global, Inc.",Consumer Discretionary,Consumer Services
NasdaqGS,LOB,"Live Oak Bancshares, Inc.",Financials,Banks
NasdaqGS,EFSC,Enterprise Financial Services Corp,Financials,Banks
NYSE,CURO,CURO Group Holdings Corp.,Financials,Diversified Financials
NasdaqGM,NTLA,"Intellia Therapeutics, Inc.",Healthcare,"Pharmaceuticals, Biotechnology and Life Sciences"
NasdaqGS,SYKE,"Sykes Enterprises, Incorporated",Information Technology,Software and Services
NYSE,ENVA,"Enova International, Inc.",Financials,Diversified Financials
NYSE,FBK,FB Financial Corporation,Financials,Banks
NasdaqGS,AMBA,"Ambarella, Inc.",Information Technology,Semiconductors and Semiconductor Equipment
NYSE,RWT,"Redwood Trust, Inc.",Financials,Diversified Financials
NYSE,PRO,"PROS Holdings, Inc.",Information Technology,Software and Services
NasdaqGM,IOVA,"Iovance Biotherapeutics, Inc.",Healthcare,"Pharmaceuticals, Biotechnology and Life Sciences"
NasdaqCM,WINS,Wins Finance Holdings Inc.,Financials,Diversified Financials
NYSE,TRTX,"TPG RE Finance Trust, Inc.",Financials,Diversified Financials
NasdaqGS,LKFN,Lakeland Financial Corporation,Financials,Banks
NasdaqGS,CATM,Cardtronics plc,Information Technology,Software and Services
NYSE,CTS,CTS Corporation,Information Technology,Technology Hardware and Equipment
NasdaqGS,RDWR,Radware Ltd.,Information Technology,Technology Hardware and Equipment
NasdaqGS,FBNC,First Bancorp,Financials,Banks
NasdaqGS,LORL,Loral Space & Communications Inc.,Consumer Discretionary,Media
NasdaqGS,ATNX,"Athenex, Inc.",Healthcare,"Pharmaceuticals, Biotechnology and Life Sciences"
NasdaqGS,SBSI,"Southside Bancshares, Inc.",Financials,Banks
NasdaqGM,EGRX,"Eagle Pharmaceuticals, Inc.",Healthcare,"Pharmaceuticals, Biotechnology and Life Sciences"
NasdaqGS,JRVR,"James River Group Holdings, Ltd.",Financials,Insurance
NasdaqGS,CHCO,City Holding Company,Financials,Banks
NasdaqGS,KNSL,sgh,Financials,Insurance
NYSE,NBHC,National Bank Holdings Corporation,Financials,Banks
NasdaqGS,CROX,"Crocs, Inc.",Consumer Discretionary,Consumer Durables and Apparel
NYSE,MXL,"MaxLinear, Inc.",Information Technology,Semiconductors and Semiconductor Equipment
NasdaqGS,HLNE,Hamilton Lane Incorporated,Financials,Diversified Financials
NasdaqGS,AMSF,"Amerisafe, Inc.",Financials,Insurance
NasdaqCM,AXDX,"Accelerate Diagnostics, Inc.",Healthcare,"Pharmaceuticals, Biotechnology and Life Sciences"
NasdaqGM,RTRX,"Retrophin, Inc.",Healthcare,"Pharmaceuticals, Biotechnology and Life Sciences"
NasdaqGM,BNFT,"Benefitfocus, Inc.",Information Technology,Software and Services
NYSE,GCI,"Gannett Co., Inc.",Consumer Discretionary,Media
NasdaqGM,NMIH,"NMI Holdings, Inc.",Financials,Banks
NYSE,PMT,PennyMac Mortgage Investment Trust,Financials,Diversified Financials
NYSE,ETM,Entercom Communications Corp.,Consumer Discretionary,Media
NasdaqGM,ESPR,"Esperion Therapeutics, Inc.",Healthcare,"Pharmaceuticals, Biotechnology and Life Sciences"
NasdaqGM,OSTK,"Overstock.com, Inc.",Consumer Discretionary,Retailing
NasdaqGS,NWLI,"National Western Life Group, Inc.",Financials,Insurance
NasdaqGS,ATRI,Atrion Corporation,Healthcare,Healthcare Equipment and Services
NYSE,BKE,"The Buckle, Inc.",Consumer Discretionary,Retailing
NasdaqGS,SNBR,Sleep Number Corporation,Consumer Discretionary,Retailing
NasdaqGS,ITCI,"Intra-Cellular Therapies, Inc.",Healthcare,"Pharmaceuticals, Biotechnology and Life Sciences"
NasdaqGS,KPTI,Karyopharm Therapeutics Inc.,Healthcare,"Pharmaceuticals, Biotechnology and Life Sciences"
NasdaqGS,SPWR,SunPower Corporation,Information Technology,Semiconductors and Semiconductor Equipment
NYSE,KREF,KKR Real Estate Finance Trust Inc.,Financials,Diversified Financials
NYSE,TLRD,"Tailored Brands, Inc.",Consumer Discretionary,Retailing
NasdaqGS,SSYS,Stratasys Ltd.,Information Technology,Technology Hardware and Equipment
NasdaqGS,OFIX,Orthofix International N.V.,Healthcare,Healthcare Equipment and Services
NasdaqGM,RVNC,"Revance Therapeutics, Inc.",Healthcare,"Pharmaceuticals, Biotechnology and Life Sciences"
NasdaqGM,WVE,Wave Life Sciences Ltd.,Healthcare,"Pharmaceuticals, Biotechnology and Life Sciences"
NYSE,PJT,PJT Partners Inc.,Financials,Diversified Financials
NYSE,OMI,"Owens & Minor, Inc.",Healthcare,Healthcare Equipment and Services
NYSE,WK,Workiva Inc.,Information Technology,Software and Services
NasdaqGS,CGBD,"TCG BDC, Inc.",Financials,Diversified Financials
NasdaqGS,EGOV,NIC Inc.,Information Technology,Software and Services
NYSE,CHS,"Chico's FAS, Inc.",Consumer Discretionary,Retailing
NasdaqGS,APLS,"Apellis Pharmaceuticals, Inc.",Healthcare,"Pharmaceuticals, Biotechnology and Life Sciences"
NasdaqGS,TBK,"Triumph Bancorp, Inc.",Financials,Banks
NYSE,STC,Stewart Information Services Corporation,Financials,Insurance
NasdaqGM,XENT,"Intersect ENT, Inc.",Healthcare,"Pharmaceuticals, Biotechnology and Life Sciences"
NasdaqGS,ECPG,"Encore Capital Group, Inc.",Financials,Diversified Financials
NasdaqGS,EXTR,"Extreme Networks, Inc.",Information Technology,Technology Hardware and Equipment
NYSE,RGR,"Sturm, Ruger & Company, Inc.",Consumer Discretionary,Consumer Durables and Apparel
NasdaqCM,TGTX,"TG Therapeutics, Inc.",Healthcare,"Pharmaceuticals, Biotechnology and Life Sciences"
NYSE,BLX,"Banco Latinoamericano de Comercio Exterior, S.A",Financials,Diversified Financials
NYSE,CO,Global Cord Blood Corporation,Healthcare,Healthcare Equipment and Services
NasdaqGS,EPZM,"Epizyme, Inc.",Healthcare,"Pharmaceuticals, Biotechnology and Life Sciences"
NasdaqGS,CASH,"Meta Financial Group, Inc.",Financials,Banks
NasdaqCM,DVAX,Dynavax Technologies Corporation,Healthcare,"Pharmaceuticals, Biotechnology and Life Sciences"
NasdaqGS,XPER,Xperi Corporation,Information Technology,Semiconductors and Semiconductor Equipment
NasdaqGS,CSIQ,Canadian Solar Inc.,Information Technology,Semiconductors and Semiconductor Equipment
NasdaqGS,SGH,"SMART Global Holdings, Inc.",Information Technology,Semiconductors and Semiconductor Equipment
